super output areas - middle layer,mnemonic,all_ecact,m16,m18,m20,m25,m35,m55,m60,m65,f16,f18,f20,f25,f35,f55,f60,f65,f_total
Barnsley 001,E02001509,2577,45,64,113,337,716,120,42,19,43,59,118,308,680,97,42,9,1219
Barnsley 002,E02001510,2437,34,53,127,354,667,109,41,22,31,59,95,299,548,87,38,23,1084
Barnsley 003,E02001511,2244,27,68,104,305,635,97,39,10,37,48,108,244,535,64,42,21,1017
Barnsley 004,E02001512,3549,68,52,135,519,911,165,94,26,53,62,141,422,845,150,58,20,1641
Barnsley 005,E02001513,3840,56,53,139,576,1011,172,90,10,63,53,160,474,913,147,69,22,1810
Barnsley 006,E02001514,1889,38,69,106,271,492,76,31,25,38,59,90,216,448,89,24,19,850
Barnsley 007,E02001515,3131,50,92,157,483,778,94,71,28,32,90,177,398,708,80,48,12,1451
Barnsley 008,E02001516,2464,36,74,147,431,605,83,53,14,29,78,143,355,507,81,66,15,1126
Barnsley 009,E02001517,3526,56,74,182,435,963,189,85,25,41,87,164,376,866,158,53,21,1608
Barnsley 010,E02001518,3804,48,79,189,509,1033,147,85,18,53,78,151,452,903,149,74,21,1778
Barnsley 011,E02001519,2128,60,60,105,247,555,98,52,17,49,86,88,235,523,104,38,26,1014
Barnsley 012,E02001520,4816,72,69,183,605,1375,218,87,43,37,63,174,523,1253,182,82,29,2234
Barnsley 013,E02001521,4829,51,88,252,874,1165,147,68,29,65,107,253,658,1046,158,75,15,2250
Barnsley 014,E02001522,2666,68,72,152,362,754,105,25,16,65,61,143,288,618,85,39,17,1178
Barnsley 015,E02001523,2760,38,60,130,377,751,118,69,18,56,70,161,306,638,108,59,19,1281
Barnsley 016,E02001524,2681,21,36,59,237,853,186,67,33,24,55,65,268,749,151,47,34,1256
Barnsley 017,E02001525,2101,61,48,134,371,517,75,37,5,40,49,132,267,467,68,52,31,938
Barnsley 018,E02001526,1587,39,41,77,227,411,69,34,4,51,40,77,195,362,69,31,4,754
Barnsley 019,E02001527,2456,37,48,91,340,740,105,35,16,30,57,73,287,665,91,44,16,1126
Barnsley 020,E02001528,4021,66,101,191,566,1083,164,61,39,63,67,173,445,962,147,45,17,1817
Barnsley 021,E02001529,3563,33,88,142,516,936,168,95,22,66,70,157,411,828,150,65,23,1649
Barnsley 022,E02001530,1991,53,55,104,318,546,56,28,8,49,43,127,226,496,45,51,15,920
Barnsley 023,E02001531,2524,61,65,133,358,682,113,62,21,43,81,162,280,569,82,34,11,1102
Barnsley 024,E02001532,4105,39,72,154,486,1211,203,79,37,43,89,154,448,1036,151,75,22,1895
Barnsley 025,E02001533,2584,41,89,156,353,702,77,45,14,40,64,147,289,638,57,41,17,1182
Barnsley 026,E02001534,3017,51,47,137,431,795,135,79,18,49,55,137,357,692,118,69,14,1395
Barnsley 027,E02001535,2757,30,31,77,296,828,169,114,52,33,33,98,241,739,130,50,20,1246
Barnsley 028,E02001536,3300,22,65,125,495,867,167,66,32,18,58,124,467,755,160,68,31,1533
Barnsley 029,E02001537,2948,47,49,132,427,832,95,54,19,32,67,135,385,698,100,52,19,1374
Barnsley 030,E02001538,3164,45,59,163,446,844,172,64,25,36,74,121,367,734,151,55,29,1422
Doncaster 001,E02001539,2280,30,44,147,282,634,103,42,33,50,86,107,247,524,82,40,18,1036
Doncaster 002,E02001540,4620,74,108,190,555,1303,232,83,46,55,103,206,510,1112,198,58,30,2110
Doncaster 003,E02001541,4210,63,91,200,555,1175,202,73,53,57,107,188,447,986,137,69,34,1875
Doncaster 004,E02001542,2450,53,40,108,337,694,102,66,35,45,71,99,261,534,126,26,5,1072
Doncaster 005,E02001543,3240,61,83,181,386,883,123,51,35,46,89,139,363,769,133,47,20,1491
Doncaster 006,E02001544,3538,61,89,182,513,919,134,73,31,69,62,165,445,794,133,41,13,1602
Doncaster 007,E02001545,4268,44,60,160,548,1184,171,93,27,55,75,196,492,1089,125,71,22,2041
Doncaster 008,E02001546,3519,57,135,352,476,927,153,89,31,40,44,104,305,785,143,79,31,1392
Doncaster 009,E02001547,3884,51,94,197,505,1089,149,63,14,69,83,185,456,911,118,69,33,1809
Doncaster 010,E02001548,2593,36,66,127,385,678,109,56,17,35,58,137,321,602,104,73,18,1216
Doncaster 011,E02001549,2812,40,55,114,359,777,96,65,32,45,70,124,326,689,108,61,13,1342
Doncaster 012,E02001550,2957,60,56,139,351,833,109,71,32,49,76,156,348,695,85,59,26,1384
Doncaster 013,E02001551,2796,52,46,143,404,759,92,58,12,44,77,166,322,659,103,37,23,1313
Doncaster 014,E02001552,2138,65,32,118,302,551,98,61,12,51,47,114,240,510,105,40,26,995
Doncaster 015,E02001553,3711,59,77,158,498,1033,144,75,35,67,78,152,418,890,146,61,36,1706
Doncaster 016,E02001554,3137,44,57,124,428,843,136,81,19,42,56,126,400,789,139,65,23,1494
Doncaster 017,E02001555,2888,44,40,134,339,818,123,46,17,33,55,129,335,775,115,60,22,1398
Doncaster 018,E02001556,3233,49,73,115,431,880,122,62,43,40,80,125,387,817,127,66,18,1524
Doncaster 019,E02001557,3938,54,93,211,523,1094,150,95,61,44,64,211,429,876,130,63,33,1738
Doncaster 020,E02001558,3098,43,70,130,305,854,180,94,21,50,66,94,269,818,151,72,26,1450
Doncaster 021,E02001559,3673,46,67,155,388,1048,183,96,37,78,58,156,402,950,150,83,31,1755
Doncaster 022,E02001560,3322,30,60,237,507,851,112,95,28,33,87,180,399,704,80,73,25,1479
Doncaster 023,E02001561,2264,44,38,129,313,619,79,49,19,36,66,150,263,556,100,28,27,1059
Doncaster 024,E02001562,2165,32,64,95,251,596,128,45,21,32,47,102,214,552,92,62,37,1024
Doncaster 025,E02001563,3078,31,39,117,295,924,191,114,48,51,71,123,248,801,146,71,32,1409
Doncaster 026,E02001564,3703,33,62,134,345,1158,195,103,59,30,72,124,321,1056,155,68,16,1707
Doncaster 027,E02001565,2965,32,62,132,286,932,185,74,36,40,69,106,271,808,163,48,27,1334
Doncaster 028,E02001566,2272,24,38,122,359,587,76,33,26,27,68,131,323,536,72,55,11,1089
Doncaster 029,E02001567,3457,78,64,200,365,997,141,54,15,69,65,154,339,888,151,66,28,1617
Doncaster 030,E02001568,2212,40,49,112,279,611,110,53,26,37,53,122,225,517,94,59,19,999
Doncaster 031,E02001569,3414,38,85,178,507,930,146,67,25,44,85,159,436,737,127,49,36,1529
Doncaster 032,E02001570,1994,33,47,95,251,518,105,56,29,34,52,89,227,452,96,57,38,940
Doncaster 033,E02001571,2738,28,58,115,307,783,151,90,37,33,57,108,287,694,124,69,22,1259
Doncaster 034,E02001572,2975,45,74,175,424,750,106,53,20,45,65,170,404,680,90,59,16,1419
Doncaster 035,E02001573,2954,48,73,140,449,822,88,52,13,57,65,137,361,685,95,57,18,1351
Doncaster 036,E02001574,2963,28,55,166,393,848,110,31,24,47,62,180,367,741,103,54,22,1406
Doncaster 037,E02001575,2417,66,49,139,360,667,60,47,22,43,60,138,282,548,79,50,9,1094
Doncaster 038,E02001576,2237,33,41,94,274,664,126,53,26,48,37,120,261,568,92,41,24,1021
Doncaster 039,E02001577,3073,37,60,131,306,891,216,112,29,40,37,120,239,829,179,81,28,1402
Rotherham 001,E02001578,3216,73,58,183,460,875,101,47,14,70,74,170,412,733,98,34,15,1483
Rotherham 002,E02001579,3624,56,67,172,464,1019,167,89,24,63,82,187,400,891,146,70,19,1671
Rotherham 003,E02001580,3659,52,80,170,434,1048,175,71,23,50,100,186,390,913,163,66,24,1717
Rotherham 004,E02001581,2517,57,62,114,342,688,112,71,0,42,26,115,274,647,104,66,15,1169
Rotherham 005,E02001582,3064,40,60,149,414,856,124,71,27,60,59,134,332,743,111,27,13,1374
Rotherham 006,E02001583,2350,45,67,122,347,612,104,45,17,32,74,126,276,546,89,33,28,1070
Rotherham 007,E02001584,3776,57,65,175,377,1073,179,99,38,67,63,161,370,1059,118,75,19,1799
Rotherham 008,E02001585,2399,39,56,106,411,615,75,31,14,58,70,136,354,493,89,13,21,1109
Rotherham 009,E02001586,3503,72,67,177,480,895,177,98,35,32,72,145,396,785,147,80,18,1581
Rotherham 010,E02001587,2287,39,22,113,321,622,97,36,8,47,39,107,272,522,96,29,36,1080
Rotherham 011,E02001588,2561,50,59,138,366,703,98,61,35,37,97,124,291,614,97,73,25,1173
Rotherham 012,E02001589,2783,28,58,119,352,780,156,67,14,30,61,129,306,705,129,53,21,1302
Rotherham 013,E02001590,2278,44,74,137,349,565,88,38,27,43,75,134,277,489,65,52,14,1017
Rotherham 014,E02001591,2976,61,76,162,420,726,109,62,29,55,95,163,373,699,98,59,23,1426
Rotherham 015,E02001592,4391,101,87,170,471,1274,197,108,4,83,85,175,421,1115,173,91,13,2051
Rotherham 016,E02001593,2298,26,56,126,386,601,73,33,31,25,61,124,304,495,64,41,15,1026
Rotherham 017,E02001594,2183,50,47,179,390,558,90,44,20,52,53,162,249,396,73,54,7,893
Rotherham 018,E02001595,4611,71,81,176,646,1252,189,106,37,53,96,204,587,1132,158,77,24,2155
Rotherham 019,E02001596,4070,57,72,192,479,1115,159,90,21,53,81,166,445,1074,136,84,16,1957
Rotherham 020,E02001597,3620,40,92,194,475,1022,141,62,19,61,86,188,428,844,127,66,23,1668
Rotherham 021,E02001598,4022,42,43,150,500,1135,165,104,20,67,63,153,438,1015,186,69,15,1921
Rotherham 022,E02001599,2812,40,55,107,332,810,154,78,10,40,45,119,326,713,147,49,22,1328
Rotherham 023,E02001600,4238,51,98,180,452,1169,249,100,40,56,82,148,362,1085,218,60,42,1951
Rotherham 024,E02001601,2235,40,37,86,259,635,150,58,26,42,31,124,244,570,106,55,31,1040
Rotherham 025,E02001602,4294,79,75,178,545,1122,229,129,41,86,98,181,500,993,209,63,19,1993
Rotherham 026,E02001603,2604,37,65,120,319,768,149,69,26,49,38,115,281,623,123,42,14,1147
Rotherham 027,E02001604,3449,31,60,142,582,883,147,82,22,55,36,162,472,782,142,56,25,1598
Rotherham 028,E02001605,2821,29,54,91,371,804,147,91,35,46,39,101,330,694,96,52,17,1265
Rotherham 029,E02001606,3725,53,96,175,488,998,197,102,31,63,109,156,380,899,154,61,24,1691
Rotherham 030,E02001607,4081,47,82,176,486,1084,222,116,34,56,65,190,377,1036,157,73,35,1892
Rotherham 031,E02001608,2967,46,57,122,378,750,146,67,38,42,71,154,375,709,131,55,7,1422
Rotherham 032,E02001609,4093,44,67,176,448,1130,256,118,14,44,50,152,385,1025,250,71,34,1907
Rotherham 033,E02001610,3707,40,65,156,468,939,220,114,50,30,71,155,427,861,186,58,21,1703
Sheffield 001,E02001611,3403,47,65,130,500,921,159,80,22,52,73,133,427,811,142,51,20,1573
Sheffield 002,E02001612,2976,39,52,109,434,807,157,69,7,27,55,128,385,723,129,49,15,1398
Sheffield 003,E02001613,5412,74,92,237,676,1446,265,142,41,63,128,212,596,1348,223,69,35,2528
Sheffield 004,E02001614,5670,93,104,233,692,1442,316,126,41,103,126,250,625,1390,216,85,39,2709
Sheffield 005,E02001615,3840,43,52,125,433,1017,232,159,37,48,61,120,390,952,219,71,31,1803
Sheffield 006,E02001616,2966,39,64,133,404,753,164,119,19,46,52,125,338,667,172,73,30,1372
Sheffield 007,E02001617,1911,37,71,108,267,474,64,50,24,58,76,88,229,438,80,40,12,884
Sheffield 008,E02001618,3695,39,81,136,406,1048,193,118,42,27,57,124,367,982,171,94,13,1713
Sheffield 009,E02001619,3527,50,71,188,475,895,164,88,28,73,102,178,353,781,120,83,17,1608
Sheffield 010,E02001620,2204,50,63,119,315,518,90,49,24,64,80,127,282,509,85,32,23,1052
Sheffield 011,E02001621,2096,41,52,110,301,547,70,73,25,47,34,126,244,450,95,60,5,957
Sheffield 012,E02001622,3719,55,75,208,593,898,162,109,25,52,47,204,487,802,149,60,32,1694
Sheffield 013,E02001623,2279,38,56,98,267,657,101,57,27,37,56,71,236,552,104,70,27,1050
Sheffield 014,E02001624,4558,73,88,224,643,1101,207,125,28,69,72,190,563,990,199,91,28,2124
Sheffield 015,E02001625,2758,38,81,148,393,689,120,78,21,26,68,136,322,652,123,70,18,1273
Sheffield 016,E02001626,2998,39,68,121,384,801,129,78,34,48,60,133,386,765,132,35,18,1433
Sheffield 017,E02001627,3046,25,37,167,505,734,92,67,21,20,58,163,496,644,88,73,12,1473
Sheffield 018,E02001628,1762,37,66,134,328,428,74,63,9,40,72,125,207,324,70,61,13,736
Sheffield 019,E02001629,2095,33,41,98,308,534,79,69,26,48,53,114,251,434,97,49,19,981
Sheffield 020,E02001630,2621,52,71,156,438,706,103,51,38,48,64,123,286,528,102,53,27,1082
Sheffield 021,E02001631,3772,59,66,179,543,961,145,91,31,46,86,205,505,895,158,40,24,1782
Sheffield 022,E02001632,2634,30,48,166,451,658,100,77,39,50,45,157,293,521,95,57,30,1134
Sheffield 023,E02001633,3649,56,50,110,372,1074,209,94,28,22,63,101,330,1021,167,49,12,1693
Sheffield 024,E02001634,4883,36,55,276,841,1102,171,107,17,22,74,258,764,1048,139,78,20,2318
Sheffield 025,E02001635,2672,29,41,94,351,691,136,129,15,32,33,86,308,602,173,75,24,1242
Sheffield 026,E02001636,2881,37,33,150,520,654,120,61,25,43,51,154,430,550,119,52,13,1322
Sheffield 027,E02001637,1550,44,39,119,321,364,62,43,30,40,59,105,161,237,70,29,26,593
Sheffield 028,E02001638,2568,11,51,324,462,435,80,34,5,26,50,360,357,404,73,21,21,1218
Sheffield 029,E02001639,2934,38,49,205,540,540,98,71,6,26,55,257,541,510,114,84,15,1480
Sheffield 030,E02001640,2802,15,99,328,398,524,89,66,12,33,152,345,323,448,76,59,23,1352
Sheffield 031,E02001641,1804,24,71,250,346,314,59,24,18,18,85,252,272,203,43,36,23,782
Sheffield 032,E02001642,4106,43,65,163,641,1024,202,137,33,34,66,175,509,890,155,95,18,1853
Sheffield 033,E02001643,2891,32,31,104,266,897,182,91,39,37,58,90,253,830,150,54,34,1335
Sheffield 034,E02001644,2048,34,44,131,314,478,75,55,12,46,55,140,286,432,74,37,12,968
Sheffield 035,E02001645,2492,18,73,224,391,556,96,69,27,12,96,180,326,489,102,57,15,1118
Sheffield 036,E02001646,3310,18,169,374,405,602,83,57,35,12,246,442,335,527,107,40,24,1633
Sheffield 037,E02001647,2550,41,44,92,361,683,146,61,25,32,54,116,304,614,141,56,18,1176
Sheffield 038,E02001648,3227,25,208,206,370,740,135,88,52,35,241,185,327,668,138,38,15,1489
Sheffield 039,E02001649,2503,63,50,134,385,621,106,72,18,51,63,164,314,517,129,59,43,1169
Sheffield 040,E02001650,2184,20,64,262,380,444,65,43,17,23,72,271,297,373,77,37,27,989
Sheffield 041,E02001651,3557,42,51,100,253,1108,239,121,54,35,40,117,248,1069,195,78,17,1679
Sheffield 042,E02001652,2690,19,134,327,441,478,52,37,19,22,153,359,337,317,45,21,10,1209
Sheffield 043,E02001653,1966,28,96,120,245,425,99,59,27,34,99,132,209,367,108,39,18,911
Sheffield 044,E02001654,3026,57,71,125,387,813,155,94,24,58,74,120,359,741,133,67,28,1395
Sheffield 045,E02001655,3123,47,51,134,417,804,181,109,36,29,42,155,347,705,137,70,22,1420
Sheffield 046,E02001656,3720,43,56,362,616,761,98,74,30,27,93,377,472,737,113,76,16,1769
Sheffield 047,E02001657,4875,53,58,266,622,1309,179,100,40,68,59,256,563,1210,174,89,22,2312
Sheffield 048,E02001658,1906,45,50,126,279,416,83,91,12,45,56,118,257,367,93,49,13,893
Sheffield 049,E02001659,2453,51,47,119,357,650,99,68,13,30,55,113,302,568,82,76,13,1131
Sheffield 050,E02001660,4349,15,103,286,813,1017,142,75,40,34,105,269,568,844,146,44,32,1919
Sheffield 051,E02001661,3032,44,89,184,427,726,104,75,18,26,80,173,419,683,123,64,16,1440
Sheffield 052,E02001662,3270,39,59,157,457,819,168,105,19,46,72,123,436,757,168,69,22,1526
Sheffield 053,E02001663,3731,51,60,164,635,922,97,58,25,43,50,161,602,846,102,50,27,1781
Sheffield 054,E02001664,2799,24,52,123,315,730,128,89,47,33,62,116,278,676,127,77,18,1318
Sheffield 055,E02001665,4453,60,65,158,328,1423,238,148,51,71,59,144,294,1381,217,91,33,2105
Sheffield 056,E02001666,2666,47,60,109,395,685,133,69,34,74,56,138,327,608,89,48,25,1222
Sheffield 057,E02001667,3201,58,53,121,520,828,134,58,21,43,54,140,474,745,155,79,35,1512
Sheffield 058,E02001668,2223,31,43,119,318,507,119,66,32,40,46,115,258,498,91,43,18,1032
Sheffield 059,E02001669,3958,51,31,162,653,906,145,126,31,66,70,193,570,903,159,70,17,1938
Sheffield 060,E02001670,2134,28,53,127,290,489,115,65,33,43,58,128,251,486,111,46,19,1001
Sheffield 061,E02001671,3037,32,46,121,346,850,165,95,29,42,61,119,340,805,140,62,24,1440
Sheffield 062,E02001672,2579,29,65,86,296,711,129,110,20,33,60,80,294,637,134,67,26,1203
Sheffield 063,E02001673,3380,40,55,113,457,989,123,55,16,64,76,140,459,866,83,54,24,1624
Sheffield 064,E02001674,4277,68,73,130,440,1204,231,138,27,41,62,144,397,1134,211,95,21,2029
Sheffield 065,E02001675,4279,86,85,194,581,1079,222,114,29,80,84,226,453,1033,185,77,27,1981
Sheffield 066,E02001676,2958,57,35,102,327,861,146,115,40,41,54,87,323,776,146,86,23,1379
Sheffield 067,E02001677,4394,61,83,169,657,1111,210,105,41,50,78,169,639,1024,168,91,20,2067
Sheffield 068,E02001678,4189,52,44,116,307,1300,274,183,105,71,77,108,265,1157,214,119,49,1900
Sheffield 069,E02001679,2397,37,30,128,347,611,124,61,40,33,42,126,273,534,128,57,31,1093
Sheffield 070,E02001680,2040,21,41,118,331,518,82,65,23,24,62,127,251,425,109,62,19,928
Sheffield 071,E02001681,3401,26,35,95,347,976,214,116,60,29,61,104,321,939,211,71,51,1621
Bradford 001,E02002183,2448,50,43,75,248,688,128,99,63,49,46,109,239,602,129,62,23,1126
Bradford 002,E02002184,5380,68,44,185,512,1523,321,221,91,88,55,179,474,1356,265,152,53,2505
Bradford 003,E02002185,2815,47,38,84,348,775,128,84,45,49,45,98,309,772,124,53,19,1342
Bradford 004,E02002186,6273,91,113,215,751,1648,319,165,38,105,80,276,730,1535,254,67,55,2997
Bradford 005,E02002187,2761,49,60,103,236,823,149,74,41,56,59,71,257,772,138,52,24,1302
Bradford 006,E02002188,2949,26,45,104,306,820,163,120,25,41,51,104,329,754,165,49,19,1400
Bradford 007,E02002189,2452,43,59,158,280,697,133,83,26,40,46,126,211,577,112,64,23,1071
Bradford 008,E02002190,3946,75,121,343,684,968,156,96,26,65,119,223,393,681,120,58,16,1564
Bradford 009,E02002191,3346,59,83,215,471,853,134,79,49,55,90,179,401,721,101,60,19,1481
Bradford 010,E02002192,3910,46,66,156,312,1194,193,125,47,61,62,154,299,1094,207,62,47,1857
Bradford 011,E02002193,2312,44,62,108,327,582,98,83,33,36,64,127,319,483,106,59,43,1076
Bradford 012,E02002194,3315,64,68,146,341,890,161,99,7,67,60,126,369,862,142,59,26,1612
Bradford 013,E02002195,3148,43,60,119,305,917,173,95,36,57,58,92,273,846,164,59,37,1473
Bradford 014,E02002196,3120,62,42,140,387,841,154,76,29,74,73,122,396,791,109,37,32,1494
Bradford 015,E02002197,3635,34,55,184,518,924,161,76,43,49,53,123,495,873,157,54,43,1729
Bradford 016,E02002198,3838,56,59,159,443,1003,177,121,54,50,84,138,429,979,174,65,30,1833
Bradford 017,E02002199,3169,55,44,87,356,886,159,121,43,40,62,126,385,815,143,95,26,1532
Bradford 018,E02002200,4347,59,54,215,494,1198,231,123,52,87,68,178,459,1117,179,71,56,2043
Bradford 019,E02002201,5035,53,74,204,701,1341,181,112,28,63,81,247,673,1230,162,56,37,2430
Bradford 020,E02002202,2799,39,39,165,391,690,123,72,26,46,57,151,359,697,118,68,40,1364
Bradford 021,E02002203,3126,51,61,156,406,804,164,76,19,53,60,162,367,738,125,61,25,1458
Bradford 022,E02002204,5503,63,77,223,562,1512,281,145,59,68,98,194,573,1442,269,95,44,2648
Bradford 023,E02002205,4871,55,67,179,597,1394,229,122,46,60,61,179,573,1266,170,100,35,2284
Bradford 024,E02002206,3718,69,58,189,399,968,202,128,41,53,65,161,369,950,153,83,29,1753
Bradford 025,E02002207,2400,49,65,150,370,656,92,66,19,54,71,136,263,527,92,58,26,1043
Bradford 026,E02002208,3210,45,51,147,364,858,146,75,41,42,77,153,365,790,126,62,32,1539
Bradford 027,E02002209,2090,57,75,102,235,560,78,58,10,45,56,99,260,534,73,40,12,988
Bradford 028,E02002210,3500,58,64,159,442,943,154,83,27,53,67,173,433,847,116,70,19,1641
Bradford 029,E02002211,2242,45,53,128,297,627,96,66,25,46,54,101,218,531,87,57,36,990
Bradford 030,E02002212,2354,31,35,108,304,601,108,85,32,34,63,129,243,605,92,54,8,1124
Bradford 031,E02002213,3051,50,45,128,317,853,158,82,30,38,69,134,312,809,130,44,17,1443
Bradford 032,E02002214,2853,41,68,122,336,763,120,76,19,59,63,150,336,713,118,51,37,1383
Bradford 033,E02002215,2457,61,77,307,533,576,60,69,30,61,74,182,231,277,49,41,17,824
Bradford 034,E02002216,1959,43,65,244,456,484,60,40,31,33,82,167,214,179,34,39,23,620
Bradford 035,E02002217,2771,55,86,152,454,694,93,58,20,49,72,170,322,604,86,66,39,1263
Bradford 036,E02002218,3712,44,59,205,457,939,170,96,35,45,67,173,445,951,128,78,21,1773
Bradford 037,E02002219,1807,27,33,163,379,439,77,53,25,33,50,131,206,257,63,31,23,675
Bradford 038,E02002220,2363,34,75,189,437,636,68,38,27,32,78,128,303,422,69,48,22,943
Bradford 039,E02002221,2311,32,81,230,560,509,70,59,41,47,95,145,232,279,61,40,10,786
Bradford 040,E02002222,2859,63,77,152,383,720,101,85,34,16,105,109,375,683,123,74,30,1355
Bradford 041,E02002223,1749,45,61,174,327,430,54,52,27,50,63,140,193,288,51,36,24,691
Bradford 042,E02002224,1941,49,56,192,433,527,52,40,22,41,74,137,189,242,24,28,17,627
Bradford 043,E02002225,3528,35,63,136,463,943,153,86,39,57,58,171,453,862,134,60,31,1690
Bradford 044,E02002226,3162,42,177,495,612,598,44,40,4,30,165,503,289,238,47,23,17,1212
Bradford 045,E02002227,1852,26,38,133,298,476,74,62,19,39,54,113,258,355,90,40,26,813
Bradford 046,E02002228,2039,46,34,113,245,553,79,48,17,48,75,100,240,489,89,37,25,970
Bradford 047,E02002229,3407,27,64,183,418,911,141,95,37,39,90,167,417,877,116,49,24,1636
Bradford 048,E02002230,1910,35,86,190,364,439,65,44,29,41,86,178,217,253,71,33,19,744
Bradford 049,E02002231,4099,53,95,232,581,1048,182,115,27,73,88,251,461,930,135,72,20,1870
Bradford 050,E02002232,2473,37,50,143,390,592,78,49,14,33,52,141,345,568,68,42,12,1168
Bradford 051,E02002233,2173,39,69,186,356,553,71,66,11,65,38,157,245,416,85,47,31,929
Bradford 052,E02002234,2018,63,60,126,235,482,81,53,18,53,65,121,238,472,75,44,23,967
Bradford 053,E02002235,2089,51,46,152,321,537,64,59,26,60,67,127,223,448,76,30,25,908
Bradford 054,E02002236,2828,33,56,127,308,779,127,73,21,48,59,148,338,730,127,60,25,1392
Bradford 055,E02002237,3344,77,85,172,358,862,167,100,27,51,68,196,395,843,119,62,28,1593
Bradford 056,E02002238,2560,34,83,146,353,643,79,68,21,50,66,136,361,629,80,52,32,1238
Bradford 057,E02002239,3588,51,90,197,474,938,128,76,18,41,84,180,448,883,111,54,21,1683
Bradford 058,E02002240,5394,66,90,249,720,1425,215,109,27,43,89,207,693,1355,149,52,14,2529
Bradford 059,E02002241,4922,98,111,270,623,1255,171,110,37,65,110,292,599,1174,165,90,37,2354
Bradford 060,E02002242,3859,50,68,150,440,1027,223,119,45,34,62,160,403,978,160,68,26,1798
Bradford 061,E02002243,4258,66,79,185,523,1116,201,104,25,63,89,201,485,1049,182,81,32,2044
Calderdale 001,E02002244,3043,53,55,144,321,802,171,105,41,53,66,117,285,790,148,56,16,1424
Calderdale 002,E02002245,1954,47,47,95,334,461,91,46,26,34,40,115,268,432,102,35,22,888
Calderdale 003,E02002246,4707,80,83,171,512,1283,233,127,16,67,84,138,521,1231,216,66,38,2260
Calderdale 004,E02002247,4570,56,83,99,458,1362,213,108,48,61,68,129,446,1365,170,53,23,2202
Calderdale 005,E02002248,3036,58,42,131,372,752,119,91,36,76,80,129,376,771,112,69,9,1510
Calderdale 006,E02002249,2430,55,52,98,340,598,99,70,9,35,51,123,351,578,76,64,12,1194
Calderdale 007,E02002250,3715,49,51,116,375,1065,217,133,30,42,50,108,383,1023,139,87,23,1757
Calderdale 008,E02002251,3093,59,58,158,470,778,135,80,25,53,46,140,386,668,131,43,38,1395
Calderdale 009,E02002252,2826,25,45,100,295,795,157,97,24,32,41,93,277,780,135,52,17,1345
Calderdale 010,E02002253,2706,45,34,107,410,707,125,65,23,27,49,144,341,643,96,49,21,1260
Calderdale 011,E02002254,3016,41,50,120,309,856,152,95,43,46,64,117,293,765,152,49,35,1423
Calderdale 012,E02002255,1654,31,46,170,378,396,53,44,23,42,77,174,141,207,36,32,21,590
Calderdale 013,E02002256,3827,41,47,153,429,1062,201,100,35,39,54,150,368,1008,157,56,43,1806
Calderdale 014,E02002257,1952,32,46,135,386,511,62,52,20,35,36,129,261,360,80,41,9,811
Calderdale 015,E02002258,3768,57,68,146,433,1041,204,128,17,49,50,147,440,958,195,83,42,1782
Calderdale 016,E02002259,3000,50,52,134,428,777,136,60,54,47,74,145,355,726,125,57,16,1396
Calderdale 017,E02002260,4026,43,63,188,523,1017,192,115,44,59,103,160,466,955,145,65,27,1893
Calderdale 018,E02002261,3661,33,91,137,444,987,180,117,48,46,71,138,445,884,151,69,41,1711
Calderdale 019,E02002262,3614,50,58,148,469,960,169,122,26,53,66,175,430,865,160,70,13,1704
Calderdale 020,E02002263,2919,58,52,128,308,788,139,88,40,55,56,115,318,789,136,37,12,1393
Calderdale 021,E02002264,3121,41,58,112,374,856,160,98,23,43,62,107,354,829,134,70,41,1503
Calderdale 022,E02002265,2533,61,44,110,316,699,139,82,39,29,57,105,308,625,142,52,25,1145
Calderdale 023,E02002266,3057,38,49,113,417,821,168,85,36,51,51,111,373,747,134,43,15,1398
Calderdale 024,E02002267,3544,39,70,159,376,971,193,112,37,43,52,124,396,908,169,63,17,1666
Calderdale 025,E02002268,4122,46,58,181,547,1057,178,143,32,45,64,180,505,990,187,85,41,1967
Calderdale 026,E02002269,4761,67,79,152,595,1310,204,131,41,64,99,145,543,1239,184,56,16,2251
Calderdale 027,E02002270,3936,48,43,122,428,1149,218,119,43,51,42,118,407,1071,166,76,35,1835
Kirklees 001,E02002271,3332,51,68,133,390,906,168,108,49,50,71,123,399,858,131,45,41,1541
Kirklees 002,E02002272,4516,78,76,191,575,1195,219,127,15,49,81,190,511,1091,180,61,11,2101
Kirklees 003,E02002273,3003,24,54,128,394,801,157,82,51,38,50,110,361,759,129,48,15,1378
Kirklees 004,E02002274,3091,59,71,120,359,840,178,103,31,50,71,135,342,765,145,61,27,1442
Kirklees 005,E02002275,3787,54,60,157,508,972,160,102,36,43,92,161,452,865,129,49,30,1768
Kirklees 006,E02002276,3483,56,68,202,433,873,184,87,35,54,78,161,417,834,162,53,32,1632
Kirklees 007,E02002277,2740,49,54,160,402,693,139,104,41,34,66,159,310,581,125,59,12,1200
Kirklees 008,E02002278,2841,34,63,126,363,728,146,69,23,40,48,122,336,716,117,65,28,1364
Kirklees 009,E02002279,2683,52,59,103,382,703,109,75,41,59,69,113,340,584,117,45,17,1225
Kirklees 010,E02002280,1716,55,64,146,299,429,79,69,20,44,42,114,153,297,69,49,17,650
Kirklees 011,E02002281,4671,90,96,270,735,1157,179,130,32,65,97,191,626,911,142,95,24,2059
Kirklees 012,E02002282,2683,46,56,163,452,680,99,75,9,47,62,125,329,561,86,40,15,1168
Kirklees 013,E02002283,2494,39,91,240,538,662,76,54,26,47,107,168,242,326,61,35,17,861
Kirklees 014,E02002284,3072,39,66,136,378,811,154,84,34,39,67,120,356,785,132,58,15,1453
Kirklees 015,E02002285,3910,56,48,174,454,1065,185,140,34,76,70,155,442,1003,169,72,22,1861
Kirklees 016,E02002286,2362,35,64,120,412,582,71,45,18,35,55,101,363,490,69,27,13,1068
Kirklees 017,E02002287,2074,15,44,151,372,514,84,63,35,18,47,111,238,382,65,40,19,851
Kirklees 018,E02002288,3734,69,83,161,530,926,145,108,21,80,87,172,487,878,125,88,11,1792
Kirklees 019,E02002289,2147,33,64,144,384,552,74,62,19,35,45,91,278,442,67,49,14,904
Kirklees 020,E02002290,3134,66,59,150,345,827,181,119,43,58,61,118,291,805,188,68,19,1436
Kirklees 021,E02002291,3078,38,47,130,363,830,181,75,17,41,53,126,371,779,134,59,13,1468
Kirklees 022,E02002292,2725,57,63,94,252,806,114,80,43,52,62,111,297,722,80,38,16,1278
Kirklees 023,E02002293,2202,60,96,187,412,562,77,58,17,43,72,107,240,387,69,41,8,820
Kirklees 024,E02002294,3205,47,87,268,610,885,89,53,33,69,76,191,339,491,73,39,19,1188
Kirklees 025,E02002295,1968,41,61,88,277,495,112,33,21,34,60,120,282,465,105,23,15,924
Kirklees 026,E02002296,3023,30,55,113,409,814,149,99,16,18,64,126,351,733,122,81,15,1406
Kirklees 027,E02002297,2935,30,51,123,360,795,187,92,34,25,25,97,294,731,127,60,33,1319
Kirklees 028,E02002298,2961,43,51,142,307,816,147,95,42,34,72,113,304,763,128,53,24,1380
Kirklees 029,E02002299,2017,48,31,149,318,474,77,56,23,45,58,162,264,465,79,49,18,956
Kirklees 030,E02002300,2881,30,52,119,265,810,153,101,29,43,55,130,288,750,129,57,17,1379
Kirklees 031,E02002301,2289,42,61,193,397,544,72,43,22,39,89,215,317,345,65,29,23,995
Kirklees 032,E02002302,2771,27,51,100,339,739,156,87,39,29,73,103,339,733,142,64,20,1332
Kirklees 033,E02002303,2806,35,26,102,382,715,129,83,50,45,60,155,360,676,106,32,7,1334
Kirklees 034,E02002304,2682,48,77,170,408,657,102,52,27,47,86,220,350,524,104,65,17,1241
Kirklees 035,E02002305,2308,44,42,99,340,587,113,49,37,39,34,152,265,544,90,25,26,1066
Kirklees 036,E02002306,3269,34,66,140,342,984,145,79,38,47,41,117,351,879,124,66,24,1524
Kirklees 037,E02002307,2706,34,48,131,390,685,132,75,31,49,93,114,339,634,136,50,34,1270
Kirklees 038,E02002308,2918,34,42,112,436,750,125,63,17,37,39,115,401,673,120,64,18,1385
Kirklees 039,E02002309,2245,33,68,159,389,554,89,58,16,15,50,155,325,378,99,35,26,951
Kirklees 040,E02002310,2402,53,27,152,340,558,102,63,24,41,46,168,324,541,102,31,22,1150
Kirklees 041,E02002311,2972,41,71,126,420,768,102,70,20,46,54,131,423,742,93,40,8,1432
Kirklees 042,E02002312,2493,40,104,184,380,526,102,45,27,39,99,215,335,456,111,50,18,1177
Kirklees 043,E02002313,2089,38,41,154,455,522,65,47,18,53,67,208,254,301,62,24,26,841
Kirklees 044,E02002314,2540,37,40,110,269,684,126,83,53,59,60,121,252,658,116,68,20,1213
Kirklees 045,E02002315,3058,48,59,155,500,763,109,59,24,43,54,181,457,687,109,51,18,1433
Kirklees 046,E02002316,2935,45,29,135,329,820,162,110,29,51,43,125,314,731,113,66,23,1356
Kirklees 047,E02002317,2551,25,41,134,369,610,112,81,34,35,57,152,311,584,124,52,21,1215
Kirklees 048,E02002318,2650,52,51,119,313,701,112,74,37,43,92,128,313,630,104,58,8,1257
Kirklees 049,E02002319,3051,59,48,133,409,857,137,53,40,45,57,145,388,721,138,48,24,1398
Kirklees 050,E02002320,2814,20,48,88,329,776,167,63,26,43,63,100,313,749,142,61,15,1372
Kirklees 051,E02002321,3267,50,169,178,277,847,172,81,37,52,221,144,286,791,133,57,30,1558
Kirklees 052,E02002322,2971,52,61,99,327,850,161,76,34,41,45,115,316,811,111,32,8,1370
Kirklees 053,E02002323,3874,42,35,141,469,1085,215,122,30,45,68,128,438,990,172,66,13,1799
Kirklees 054,E02002324,2992,47,55,116,344,808,175,79,26,41,54,126,312,750,138,47,14,1397
Kirklees 055,E02002325,3862,48,71,141,406,1094,173,117,55,52,84,106,423,1041,152,54,25,1812
Kirklees 056,E02002326,3141,61,57,93,397,882,166,95,26,27,61,117,357,834,121,59,10,1460
Kirklees 057,E02002327,4623,64,68,174,526,1289,251,111,36,42,98,159,487,1154,236,59,33,2162
Kirklees 058,E02002328,3266,41,43,106,359,991,180,80,28,33,39,89,334,884,144,41,19,1482
Kirklees 059,E02002329,5741,67,76,200,674,1646,292,126,62,64,87,180,639,1500,208,72,20,2657
Leeds 001,E02002330,3554,35,46,130,309,1037,249,125,60,56,70,113,287,943,192,76,26,1645
Leeds 002,E02002331,2581,36,41,104,343,671,143,97,49,23,51,89,281,573,138,57,32,1164
Leeds 003,E02002332,2876,49,50,128,321,782,149,84,39,55,64,104,309,723,128,58,22,1339
Leeds 004,E02002333,4204,72,84,180,498,1147,174,120,48,43,74,180,495,1044,154,62,29,1962
Leeds 005,E02002334,3480,19,54,90,401,930,231,103,70,42,67,104,391,898,186,88,38,1666
Leeds 006,E02002335,3421,36,40,76,308,1070,244,133,67,27,39,93,307,908,172,103,50,1549
Leeds 007,E02002336,3043,21,34,93,255,926,198,94,82,45,34,52,270,807,126,69,46,1381
Leeds 008,E02002337,2992,44,44,102,302,840,194,89,61,35,59,121,274,816,163,72,26,1397
Leeds 009,E02002338,3139,51,60,138,428,826,132,114,24,24,67,164,390,751,115,53,16,1455
Leeds 010,E02002339,2869,46,54,112,458,732,121,82,22,36,53,128,407,643,120,61,32,1343
Leeds 011,E02002340,2986,45,50,143,429,743,133,80,23,42,51,135,375,722,129,51,7,1399
Leeds 012,E02002341,3602,50,39,144,369,1037,183,124,74,48,56,140,334,974,161,77,25,1660
Leeds 013,E02002342,2985,34,52,119,312,849,141,88,50,39,62,135,296,827,125,91,23,1443
Leeds 014,E02002343,3251,37,75,138,504,810,156,80,31,41,63,134,445,800,129,58,15,1521
Leeds 015,E02002344,3681,27,33,106,477,978,165,109,104,27,71,147,412,927,152,71,42,1740
Leeds 016,E02002345,3022,36,63,157,247,842,189,103,58,30,65,131,217,839,136,68,43,1402
Leeds 017,E02002346,2722,30,46,131,372,649,114,71,36,48,70,126,339,678,100,72,17,1340
Leeds 018,E02002347,2382,58,32,121,291,621,103,62,29,56,56,138,298,616,82,50,24,1172
Leeds 019,E02002348,2643,32,73,124,317,720,119,74,40,26,66,114,302,730,112,64,28,1259
Leeds 020,E02002349,2784,47,36,140,442,709,125,75,37,34,34,156,368,638,119,53,28,1279
Leeds 021,E02002350,3064,40,95,150,273,776,170,111,36,49,132,162,257,762,174,45,14,1473
Leeds 022,E02002351,2719,48,29,95,258,789,166,103,56,49,42,108,241,736,155,67,41,1261
Leeds 023,E02002352,3590,35,72,192,475,969,129,67,50,37,52,170,432,870,138,56,26,1662
Leeds 024,E02002353,2972,34,70,125,377,850,107,58,17,35,60,132,381,793,108,51,27,1443
Leeds 025,E02002354,3516,51,72,189,420,927,150,83,52,48,74,126,400,886,141,83,51,1650
Leeds 026,E02002355,2451,31,205,159,234,544,73,55,33,30,248,165,194,492,88,42,22,1185
Leeds 027,E02002356,4053,35,80,142,479,1079,214,129,59,40,76,151,492,987,177,89,31,1913
Leeds 028,E02002357,3997,55,49,166,605,878,158,118,40,70,81,212,620,881,163,70,27,2004
Leeds 029,E02002358,3650,47,101,200,442,966,160,90,37,41,97,157,382,910,151,105,25,1698
Leeds 030,E02002359,3163,21,60,126,347,885,163,110,57,30,68,104,355,785,151,71,20,1453
Leeds 031,E02002360,2879,16,38,140,463,660,118,60,33,22,44,144,450,669,115,58,16,1418
Leeds 032,E02002361,2690,23,51,125,342,708,102,55,36,32,45,147,359,683,95,38,13,1303
Leeds 033,E02002362,3173,41,63,141,423,790,122,88,20,38,75,163,441,760,123,58,38,1569
Leeds 034,E02002363,3471,32,22,136,605,765,122,64,38,32,66,188,619,836,103,76,19,1788
Leeds 035,E02002364,2111,34,69,125,282,532,93,46,12,36,67,113,294,495,92,40,28,1002
Leeds 036,E02002365,3267,20,46,302,591,621,104,37,35,14,87,340,455,618,91,40,32,1568
Leeds 037,E02002366,3358,52,63,164,446,852,157,88,53,58,58,161,416,779,160,77,42,1583
Leeds 038,E02002367,2111,51,39,133,369,430,75,43,28,32,58,136,322,449,53,36,6,996
Leeds 039,E02002368,4037,26,49,136,536,1001,206,114,63,53,85,146,526,941,169,74,24,1944
Leeds 040,E02002369,2607,55,42,124,366,644,101,65,19,36,80,145,362,578,125,63,24,1271
Leeds 041,E02002370,2567,41,77,117,377,617,112,53,25,76,74,119,313,560,87,34,15,1187
Leeds 042,E02002371,2663,42,42,170,402,561,59,74,30,42,76,171,396,680,60,43,18,1371
Leeds 043,E02002372,2214,27,145,326,327,240,62,26,30,21,216,424,256,206,51,29,30,1101
Leeds 044,E02002373,3543,29,82,857,467,354,56,49,15,20,162,888,332,323,54,34,18,1722
Leeds 045,E02002374,3127,24,51,250,533,630,106,70,24,35,69,268,431,607,119,56,21,1492
Leeds 046,E02002375,2558,38,128,182,311,473,106,56,29,36,213,201,332,450,82,52,11,1302
Leeds 047,E02002376,1971,46,57,83,273,485,85,52,41,61,74,125,270,459,65,43,5,942
Leeds 048,E02002377,1719,32,41,164,434,344,49,42,7,27,49,143,212,264,36,24,10,658
Leeds 049,E02002378,2544,14,133,525,364,249,24,31,21,23,161,608,330,197,36,43,9,1278
Leeds 050,E02002379,1903,48,60,105,216,465,77,43,8,63,66,123,246,473,74,52,26,979
Leeds 051,E02002380,2829,44,55,156,367,730,133,64,41,57,59,132,348,677,122,49,25,1314
Leeds 052,E02002381,3037,32,54,143,472,706,107,68,21,23,67,157,525,637,99,62,15,1499
Leeds 053,E02002382,2182,38,59,170,404,453,78,34,22,29,46,190,373,388,62,33,10,1000
Leeds 054,E02002383,2673,5,106,720,402,205,19,28,21,8,139,742,277,160,41,27,4,1246
Leeds 055,E02002384,2678,34,135,251,433,458,91,64,22,22,147,276,341,439,87,34,14,1264
Leeds 056,E02002385,3773,35,84,674,697,474,57,59,28,29,131,617,560,417,68,29,26,1742
Leeds 057,E02002386,4331,56,91,191,466,1157,216,127,48,45,91,180,456,1095,181,68,36,2053
Leeds 058,E02002387,2486,43,58,122,407,572,109,64,26,22,66,148,407,505,101,50,26,1173
Leeds 059,E02002388,3283,47,57,176,485,830,107,96,33,54,86,195,445,710,94,66,11,1543
Leeds 060,E02002389,1905,38,33,96,223,489,94,65,21,53,48,96,233,454,114,58,10,928
Leeds 061,E02002390,2689,32,55,149,347,643,133,78,15,54,52,134,347,653,120,73,18,1322
Leeds 062,E02002391,4079,56,52,210,681,959,136,92,17,53,62,207,612,945,134,53,21,1953
Leeds 063,E02002392,2117,13,124,371,382,278,29,34,10,16,148,351,293,195,32,46,12,970
Leeds 064,E02002393,1992,12,47,120,380,426,66,49,26,6,71,150,358,339,67,55,14,938
Leeds 065,E02002394,2616,32,54,157,431,595,87,57,27,26,78,183,404,576,86,54,19,1256
Leeds 066,E02002395,2892,37,56,101,366,798,131,98,39,31,68,141,300,739,112,78,39,1359
Leeds 067,E02002396,4162,39,71,213,665,1033,153,91,23,52,73,204,610,904,152,40,22,1935
Leeds 068,E02002397,3453,56,72,191,448,868,155,101,24,55,82,159,412,821,132,77,19,1628
Leeds 069,E02002398,3779,63,74,158,430,989,166,143,50,62,95,151,429,900,179,89,26,1790
Leeds 070,E02002399,2376,36,62,142,283,594,72,71,27,18,55,108,315,609,85,67,17,1171
Leeds 071,E02002400,2876,36,82,210,470,656,99,74,16,66,84,223,378,579,85,56,22,1327
Leeds 072,E02002401,1744,30,44,83,214,431,58,68,24,36,75,106,221,448,77,51,7,882
Leeds 073,E02002402,3367,38,41,106,441,943,151,71,29,60,59,136,416,869,122,51,26,1616
Leeds 074,E02002403,3045,57,51,133,402,709,137,107,37,47,65,145,385,707,141,93,19,1496
Leeds 075,E02002404,2392,59,46,112,365,578,85,63,21,47,53,147,326,517,98,37,27,1138
Leeds 076,E02002405,3806,62,72,197,435,962,166,99,38,61,85,166,436,952,154,66,34,1838
Leeds 077,E02002406,4302,87,82,186,498,1161,208,116,35,58,91,128,470,1116,209,62,23,2023
Leeds 078,E02002407,2496,48,64,158,358,600,86,58,27,39,50,145,334,531,106,53,23,1163
Leeds 079,E02002408,3536,39,56,170,532,887,125,80,32,50,69,147,535,842,126,46,9,1691
Leeds 080,E02002409,2891,46,46,116,422,708,141,71,28,37,77,140,427,687,137,35,28,1408
Leeds 081,E02002410,2878,46,49,119,358,773,127,90,32,29,70,142,376,674,118,66,34,1367
Leeds 082,E02002411,2315,38,60,153,399,593,77,52,19,24,67,139,292,443,87,41,5,980
Leeds 083,E02002412,3160,45,65,137,434,806,146,103,12,46,53,169,438,730,134,57,26,1506
Leeds 084,E02002413,2750,39,104,234,529,535,98,72,14,30,124,234,394,458,93,36,17,1228
Leeds 085,E02002414,1976,39,44,101,290,477,91,63,19,40,64,126,293,406,78,47,18,938
Leeds 086,E02002415,1881,51,55,141,364,447,57,27,25,43,76,130,259,292,54,20,21,774
Leeds 087,E02002416,2969,51,42,140,312,720,191,102,44,62,56,124,320,681,174,81,39,1421
Leeds 088,E02002417,2889,48,54,117,389,722,163,75,28,54,67,149,369,678,143,44,16,1374
Leeds 089,E02002418,3767,41,89,158,521,914,149,77,19,49,83,173,513,916,156,67,27,1862
Leeds 090,E02002419,3043,68,69,160,397,714,128,101,22,56,90,163,400,717,123,70,38,1484
Leeds 091,E02002420,3622,58,67,196,440,939,150,108,42,79,63,211,381,850,124,62,35,1706
Leeds 092,E02002421,1874,42,36,115,251,462,57,65,17,39,56,133,246,463,78,23,10,908
Leeds 093,E02002422,3208,59,59,110,407,863,157,88,31,55,81,144,400,777,147,54,15,1517
Leeds 094,E02002423,2483,39,56,110,348,631,109,58,31,46,70,103,296,557,114,45,23,1151
Leeds 095,E02002424,3945,66,73,169,612,982,149,100,21,63,56,184,554,894,137,50,14,1835
Leeds 096,E02002425,4103,49,63,159,507,1041,225,127,28,50,81,157,480,998,179,87,33,1958
Leeds 097,E02002426,3823,35,62,167,536,944,189,115,42,46,63,139,566,883,158,67,16,1821
Leeds 098,E02002427,3354,45,45,143,433,836,179,106,20,36,64,146,383,841,127,77,9,1597
Leeds 099,E02002428,2840,33,52,154,409,691,125,67,41,44,59,159,387,645,97,58,31,1339
Leeds 100,E02002429,3959,44,78,170,601,957,170,97,35,54,67,149,579,877,149,62,19,1860
Leeds 101,E02002430,2550,77,66,144,359,573,102,68,20,54,65,156,325,591,97,42,31,1219
Leeds 102,E02002431,3967,49,52,183,738,901,108,69,12,41,65,212,688,828,92,68,13,1925
Leeds 103,E02002432,3252,51,43,150,506,799,137,66,23,46,49,142,459,756,117,49,14,1548
Leeds 104,E02002433,2832,36,61,168,473,638,103,84,23,34,62,147,415,587,69,60,22,1317
Leeds 105,E02002434,3110,34,33,133,536,735,120,44,33,58,72,151,481,643,109,24,32,1485
Leeds 106,E02002435,3615,49,69,165,510,912,161,97,30,41,81,172,474,865,135,54,11,1697
Leeds 107,E02002436,3228,59,49,126,461,830,146,85,40,57,82,147,426,774,148,59,20,1535
Leeds 108,E02002437,3424,43,80,131,365,1008,146,81,19,44,81,128,352,975,102,49,23,1623
Wakefield 001,E02002438,2609,81,86,124,336,718,96,45,4,73,79,127,329,607,92,24,7,1193
Wakefield 002,E02002439,3554,41,66,167,596,918,151,74,23,38,77,183,506,734,149,66,31,1619
Wakefield 003,E02002440,3056,68,79,107,433,821,120,59,20,55,68,140,374,755,105,53,9,1429
Wakefield 004,E02002441,2912,39,55,165,467,745,144,58,20,39,86,142,357,637,107,35,15,1289
Wakefield 005,E02002442,2914,68,79,130,395,804,112,36,4,48,54,133,343,744,98,38,10,1349
Wakefield 006,E02002443,3306,41,80,109,425,958,117,53,16,41,70,107,438,856,89,43,7,1566
Wakefield 007,E02002444,3004,55,55,95,414,806,131,57,32,45,60,141,395,724,121,22,25,1413
Wakefield 008,E02002445,3492,51,61,130,461,926,180,95,31,70,75,154,429,831,134,58,16,1647
Wakefield 009,E02002446,2990,36,53,113,418,847,126,55,25,19,52,112,342,761,91,37,13,1363
Wakefield 010,E02002447,2557,60,73,147,363,673,119,54,22,46,58,133,319,581,92,41,35,1142
Wakefield 011,E02002448,2946,50,66,170,383,791,98,58,28,41,97,137,341,699,103,35,13,1355
Wakefield 012,E02002449,3735,63,82,157,625,947,136,74,12,57,69,192,556,827,122,67,11,1745
Wakefield 013,E02002450,2959,55,64,127,436,811,96,54,25,49,72,147,407,700,91,48,13,1376
Wakefield 014,E02002451,3796,57,59,143,430,1066,189,116,29,64,64,137,398,1021,174,54,25,1801
Wakefield 015,E02002452,3018,36,43,155,487,773,108,66,18,40,62,139,415,669,99,59,18,1408
Wakefield 016,E02002453,3670,72,58,188,539,970,143,53,31,73,81,180,454,852,137,31,20,1683
Wakefield 017,E02002454,2412,44,40,194,391,640,81,66,24,29,77,237,274,411,68,29,26,1016
Wakefield 018,E02002455,2217,45,47,113,282,595,75,71,11,61,53,106,277,552,77,58,25,1076
Wakefield 019,E02002456,2931,29,58,178,471,831,133,57,22,43,60,157,363,606,109,60,37,1267
Wakefield 020,E02002457,3007,35,55,160,455,760,112,69,31,25,60,160,393,689,101,58,16,1395
Wakefield 021,E02002458,4525,52,69,206,686,1159,200,81,30,27,103,210,580,1089,132,62,29,2109
Wakefield 022,E02002459,4003,30,64,185,686,1019,143,88,22,36,69,145,595,907,144,79,16,1864
Wakefield 023,E02002460,3465,42,64,143,351,1033,174,67,28,55,72,139,302,956,169,36,24,1628
Wakefield 024,E02002461,3823,72,75,184,592,1002,142,62,21,34,98,167,485,857,139,33,15,1722
Wakefield 025,E02002462,3671,61,63,154,468,999,186,91,22,55,78,155,396,926,187,52,19,1715
Wakefield 026,E02002463,3119,67,83,185,441,771,116,60,27,65,64,177,429,700,102,56,30,1461
Wakefield 027,E02002464,3115,44,53,132,464,824,124,70,24,71,66,121,361,722,112,47,10,1445
Wakefield 028,E02002465,2642,38,42,136,299,758,159,78,37,38,48,116,233,651,122,53,26,1161
Wakefield 029,E02002466,4428,49,93,170,577,1166,223,143,34,56,83,187,541,1009,170,91,35,2060
Wakefield 030,E02002467,3378,40,87,223,531,776,120,66,29,47,104,274,424,669,112,70,20,1593
Wakefield 031,E02002468,3125,37,49,108,396,869,143,67,24,33,44,128,407,783,130,56,16,1494
Wakefield 032,E02002469,3035,52,76,138,398,805,136,67,24,53,90,97,365,722,126,50,20,1418
Wakefield 033,E02002470,3045,33,32,89,239,922,182,108,55,32,78,86,238,874,174,61,14,1444
Wakefield 034,E02002471,4714,71,75,194,492,1362,267,111,61,53,84,156,464,1222,201,81,25,2146
Wakefield 035,E02002472,2875,41,42,133,357,789,159,68,34,49,58,120,305,761,146,55,21,1348
Wakefield 036,E02002473,3342,52,45,126,453,963,162,93,12,31,53,127,402,849,148,52,17,1536
Wakefield 037,E02002474,2648,52,70,113,310,718,114,49,26,52,86,131,294,670,93,39,22,1266
Wakefield 038,E02002475,2575,22,65,87,217,792,160,66,19,37,76,77,233,728,134,36,26,1215
Wakefield 039,E02002476,1959,36,56,108,302,525,69,34,9,31,44,83,256,463,70,37,13,889
Wakefield 040,E02002477,2206,53,65,112,306,611,87,45,29,50,58,105,254,536,82,25,9,967
Wakefield 041,E02002478,2371,45,58,107,433,642,76,32,8,23,46,118,308,532,81,56,10,1052
Wakefield 042,E02002479,3054,80,81,169,390,822,133,51,15,50,69,131,324,760,106,65,14,1392
Wakefield 043,E02002480,2490,50,57,145,357,637,87,44,18,43,73,151,307,594,103,34,5,1174
Wakefield 044,E02002481,2144,47,39,100,295,581,104,34,7,41,70,113,279,503,72,31,29,1016
Wakefield 045,E02002482,2382,48,68,133,314,625,86,59,38,61,56,118,286,590,79,62,14,1112
Kingston upon Hull City of 001,E02002652,2977,49,84,181,551,691,80,36,13,60,65,248,464,597,56,52,5,1392
Kingston upon Hull City of 002,E02002653,2829,44,69,177,398,657,146,93,31,54,117,139,327,635,143,84,24,1332
Kingston upon Hull City of 003,E02002654,2076,51,46,117,271,559,83,76,24,49,69,112,210,488,83,59,36,945
Kingston upon Hull City of 004,E02002655,2693,52,72,157,387,666,90,76,20,31,83,143,322,576,118,60,24,1255
Kingston upon Hull City of 005,E02002656,2817,31,77,130,333,769,117,122,20,18,53,113,272,693,133,83,16,1282
Kingston upon Hull City of 006,E02002657,3731,66,76,196,410,1033,180,94,28,73,70,176,366,956,144,76,17,1741
Kingston upon Hull City of 007,E02002658,3750,57,77,163,491,998,138,65,29,68,94,190,432,882,113,41,24,1772
Kingston upon Hull City of 008,E02002659,3156,88,98,206,376,801,78,103,37,57,88,180,377,663,109,63,25,1448
Kingston upon Hull City of 009,E02002660,2618,70,67,147,266,707,125,55,29,51,81,130,261,632,120,52,36,1224
Kingston upon Hull City of 010,E02002661,2822,59,71,166,340,782,120,59,22,57,58,157,294,679,109,33,27,1279
Kingston upon Hull City of 011,E02002662,2686,55,59,128,333,736,127,85,39,29,74,87,257,655,118,74,13,1180
Kingston upon Hull City of 012,E02002663,2421,44,99,209,257,583,97,53,17,37,109,257,226,544,72,35,12,1139
Kingston upon Hull City of 013,E02002664,3954,55,70,164,454,1163,184,97,19,62,107,189,440,1003,137,70,25,1844
Kingston upon Hull City of 014,E02002665,3838,55,80,158,415,1100,172,76,25,49,92,152,366,1028,119,58,30,1813
Kingston upon Hull City of 015,E02002666,2480,32,65,303,442,441,69,71,12,23,89,339,308,379,72,48,11,1143
Kingston upon Hull City of 016,E02002667,3698,56,81,182,579,966,143,89,40,68,90,192,476,818,110,54,25,1658
Kingston upon Hull City of 017,E02002668,2385,69,63,142,312,638,96,94,31,34,64,110,257,522,81,53,14,1026
Kingston upon Hull City of 018,E02002669,3254,38,42,224,513,767,103,65,33,48,75,303,454,661,85,41,18,1548
Kingston upon Hull City of 019,E02002670,2830,49,39,143,426,725,105,71,17,46,58,155,358,620,101,69,9,1310
Kingston upon Hull City of 020,E02002671,3116,63,92,167,402,924,110,68,20,70,70,136,348,718,107,54,30,1363
Kingston upon Hull City of 021,E02002672,2232,37,71,113,297,586,79,48,24,51,78,119,240,501,67,56,29,1030
Kingston upon Hull City of 022,E02002673,3802,26,69,226,602,1021,121,97,27,57,69,194,496,818,120,58,10,1701
Kingston upon Hull City of 023,E02002674,3543,53,71,131,593,833,137,115,15,43,75,186,573,709,124,60,25,1677
Kingston upon Hull City of 024,E02002675,2254,36,51,175,355,524,100,56,32,38,88,140,248,441,56,61,11,984
Kingston upon Hull City of 025,E02002676,3504,27,68,201,568,880,112,79,30,43,66,236,479,739,143,55,24,1620
Kingston upon Hull City of 026,E02002677,3729,26,57,219,786,927,100,60,13,45,72,204,605,637,84,25,24,1593
Kingston upon Hull City of 027,E02002678,3521,75,57,188,518,938,102,75,14,68,64,181,446,791,93,48,14,1613
Kingston upon Hull City of 028,E02002679,3399,42,70,145,396,945,155,87,35,55,55,140,371,845,143,56,28,1582
Kingston upon Hull City of 029,E02002680,2092,25,49,172,312,532,85,82,29,34,73,168,198,324,74,39,27,862
Kingston upon Hull City of 030,E02002681,2442,46,69,127,357,641,106,55,37,34,71,139,298,562,53,50,16,1081
Kingston upon Hull City of 031,E02002682,3182,63,48,183,425,883,110,101,20,58,49,159,384,731,77,62,1,1417
Kingston upon Hull City of 032,E02002683,3195,50,52,152,420,821,131,113,24,49,66,146,391,723,113,73,32,1506
East Riding of Yorkshire 001,E02002684,3249,49,59,142,347,879,242,122,59,40,60,118,318,810,185,78,43,1451
East Riding of Yorkshire 002,E02002685,3027,45,49,111,299,779,212,121,56,46,66,123,243,758,162,60,33,1404
East Riding of Yorkshire 003,E02002686,2499,62,58,108,335,568,114,94,34,50,55,113,305,563,147,51,21,1191
East Riding of Yorkshire 004,E02002687,2269,56,66,109,227,589,161,68,36,43,77,82,223,541,137,67,49,1052
East Riding of Yorkshire 005,E02002688,2224,49,55,101,218,551,149,66,45,43,73,128,208,522,125,84,39,1077
East Riding of Yorkshire 006,E02002689,2520,21,47,72,270,722,138,87,69,23,76,66,239,639,117,61,20,1148
East Riding of Yorkshire 007,E02002690,5562,47,108,220,654,1521,297,186,66,62,108,202,577,1382,266,90,37,2564
East Riding of Yorkshire 008,E02002691,3433,41,63,112,356,1002,185,150,60,50,61,116,330,826,188,70,17,1537
East Riding of Yorkshire 009,E02002692,4437,66,60,137,493,1368,243,130,61,58,59,129,421,1111,197,63,42,1943
East Riding of Yorkshire 010,E02002693,2838,37,53,129,281,808,188,122,45,26,42,100,265,724,147,87,27,1274
East Riding of Yorkshire 011,E02002694,5079,67,104,182,627,1363,271,155,70,59,88,209,516,1234,202,102,34,2313
East Riding of Yorkshire 012,E02002695,3226,64,91,126,306,888,180,110,54,51,72,114,322,811,163,68,48,1496
East Riding of Yorkshire 013,E02002696,3070,46,35,90,269,968,180,109,52,43,56,99,267,826,155,54,28,1388
East Riding of Yorkshire 014,E02002697,3515,46,61,126,329,1010,222,148,56,58,56,113,287,923,211,71,33,1615
East Riding of Yorkshire 015,E02002698,3173,30,61,132,390,923,147,84,54,34,81,138,332,773,127,59,25,1426
East Riding of Yorkshire 016,E02002699,4707,51,66,168,579,1322,216,149,54,54,70,165,526,1201,208,95,38,2210
East Riding of Yorkshire 017,E02002700,2481,45,60,109,338,620,142,86,31,33,68,87,289,589,118,63,17,1135
East Riding of Yorkshire 018,E02002701,4003,48,52,144,342,1268,238,137,69,40,58,141,338,1093,188,80,33,1817
East Riding of Yorkshire 019,E02002702,4371,41,51,189,660,1119,171,114,51,38,77,185,596,1009,161,75,9,2051
East Riding of Yorkshire 020,E02002703,4599,67,115,128,506,1387,199,106,51,62,105,155,506,1163,136,51,17,2086
East Riding of Yorkshire 021,E02002704,3620,47,54,158,284,1076,216,134,70,43,80,147,253,948,149,81,18,1633
East Riding of Yorkshire 022,E02002705,3256,38,139,120,289,850,182,146,46,29,177,122,247,781,174,93,31,1527
East Riding of Yorkshire 023,E02002706,3305,32,72,141,315,892,181,130,50,42,98,145,306,837,157,98,47,1593
East Riding of Yorkshire 024,E02002707,3496,40,64,137,385,1082,212,91,46,34,37,65,303,933,152,48,32,1507
East Riding of Yorkshire 025,E02002708,2404,30,61,108,230,633,134,95,64,35,50,91,235,602,139,91,37,1148
East Riding of Yorkshire 026,E02002709,3630,45,90,151,373,1090,205,111,62,40,80,142,367,873,160,70,28,1587
East Riding of Yorkshire 027,E02002710,3616,44,70,155,381,1013,185,112,57,53,75,138,379,948,168,74,24,1701
East Riding of Yorkshire 028,E02002711,3678,55,51,130,267,1099,215,144,88,70,71,96,276,998,208,98,64,1732
East Riding of Yorkshire 029,E02002712,3656,68,64,165,413,1038,179,86,31,55,72,159,373,902,151,51,39,1677
East Riding of Yorkshire 030,E02002713,4365,71,88,193,524,1147,193,123,53,58,75,223,485,1093,162,65,43,2054
East Riding of Yorkshire 031,E02002714,3580,49,98,177,320,1066,218,147,52,50,59,110,314,892,165,75,27,1547
East Riding of Yorkshire 032,E02002715,4765,41,63,146,642,1300,203,143,35,52,87,145,621,1160,183,111,29,2264
East Riding of Yorkshire 033,E02002716,3753,55,74,157,396,1076,182,106,70,52,88,136,350,940,148,67,19,1689
East Riding of Yorkshire 034,E02002717,3474,38,75,159,451,903,125,107,31,47,74,152,459,792,130,71,16,1644
East Riding of Yorkshire 035,E02002718,3680,25,58,98,347,1058,248,148,83,48,63,115,298,981,167,83,42,1683
East Riding of Yorkshire 036,E02002719,2814,53,68,136,297,794,148,72,29,43,59,109,292,772,108,52,14,1296
East Riding of Yorkshire 037,E02002720,3185,57,67,119,322,921,176,94,27,39,71,128,322,810,133,66,23,1469
East Riding of Yorkshire 038,E02002721,2695,37,53,89,314,797,169,76,35,46,52,80,276,694,108,72,19,1210
East Riding of Yorkshire 039,E02002722,3185,67,69,137,320,897,197,110,71,60,74,142,291,757,174,61,46,1430
East Riding of Yorkshire 040,E02002723,3543,69,56,183,479,890,188,126,52,57,78,182,383,790,140,59,28,1594
East Riding of Yorkshire 041,E02002724,3207,51,73,178,450,811,157,91,14,54,39,155,371,767,139,61,32,1484
East Riding of Yorkshire 042,E02002725,2855,32,74,119,308,826,178,77,38,53,76,105,304,744,122,44,28,1299
North East Lincolnshire 001,E02002726,4528,56,77,205,597,1228,262,122,50,68,94,208,441,1056,180,80,41,2024
North East Lincolnshire 002,E02002727,1590,29,49,78,193,448,84,52,31,41,66,82,157,327,59,22,26,675
North East Lincolnshire 003,E02002728,2997,50,42,154,515,744,122,90,25,51,63,201,403,611,89,66,32,1360
North East Lincolnshire 004,E02002729,2744,41,66,155,307,808,132,59,30,52,71,137,255,702,110,55,15,1225
North East Lincolnshire 005,E02002730,3053,37,70,162,500,769,124,81,19,21,80,160,395,636,85,66,31,1365
North East Lincolnshire 006,E02002731,2210,57,53,107,324,566,84,50,40,29,92,151,296,439,57,21,15,985
North East Lincolnshire 007,E02002732,3270,74,54,124,316,1026,148,91,36,73,51,120,307,877,165,51,27,1505
North East Lincolnshire 008,E02002733,2684,38,62,99,391,711,107,72,21,47,57,144,348,612,96,51,25,1250
North East Lincolnshire 009,E02002734,2367,33,56,134,344,583,100,89,9,47,73,122,289,567,90,68,12,1125
North East Lincolnshire 010,E02002735,2390,36,36,92,367,615,117,57,21,43,56,119,298,548,84,44,27,1112
North East Lincolnshire 011,E02002736,2175,30,43,138,411,500,80,56,24,49,70,124,285,425,87,46,31,988
North East Lincolnshire 012,E02002737,3213,51,66,151,405,905,143,115,43,41,55,103,359,742,125,62,11,1405
North East Lincolnshire 013,E02002738,3675,65,112,136,468,1040,151,76,42,57,90,180,396,875,124,54,3,1649
North East Lincolnshire 014,E02002739,2424,54,48,95,327,651,108,58,19,36,53,85,276,578,100,56,26,1122
North East Lincolnshire 015,E02002740,2045,39,46,115,260,532,100,46,23,59,59,114,201,512,74,44,9,948
North East Lincolnshire 016,E02002741,3914,28,69,149,491,1104,181,119,56,58,78,148,429,935,156,73,38,1800
North East Lincolnshire 017,E02002742,2644,51,56,131,275,769,146,98,33,38,64,116,248,661,109,57,19,1178
North East Lincolnshire 018,E02002743,2350,43,69,94,252,633,153,117,20,45,61,108,218,591,125,66,27,1076
North East Lincolnshire 019,E02002744,2018,50,73,117,264,540,73,38,23,64,58,83,213,480,67,37,8,902
North East Lincolnshire 020,E02002745,3393,71,57,121,344,893,226,157,45,61,85,137,299,815,190,94,38,1578
North East Lincolnshire 021,E02002746,3558,63,65,113,426,972,187,124,52,58,98,123,346,870,158,96,28,1634
North East Lincolnshire 022,E02002747,3582,63,82,121,388,989,235,126,40,54,84,138,343,924,187,60,42,1633
North East Lincolnshire 023,E02002748,3746,51,80,132,323,1124,234,153,68,57,51,99,321,1011,158,75,48,1683
North Lincolnshire 001,E02002749,4183,52,79,186,518,1166,210,141,44,70,82,182,417,969,162,77,29,1876
North Lincolnshire 002,E02002750,2716,28,52,126,370,819,151,65,22,22,44,110,314,644,109,65,19,1179
North Lincolnshire 003,E02002751,2894,46,42,139,322,828,161,91,36,22,60,111,285,754,133,31,24,1295
North Lincolnshire 004,E02002752,2932,21,52,118,337,873,178,101,48,27,24,105,269,723,117,70,25,1271
North Lincolnshire 005,E02002753,3977,54,68,194,492,1074,205,128,53,43,71,161,451,960,175,71,36,1795
North Lincolnshire 006,E02002754,3170,61,49,123,364,968,174,85,36,58,52,144,299,794,115,40,28,1388
North Lincolnshire 007,E02002755,2394,38,43,137,368,652,94,50,8,48,53,149,244,530,72,40,8,1056
North Lincolnshire 008,E02002756,2308,61,44,141,348,669,65,30,27,54,77,133,233,497,63,41,20,982
North Lincolnshire 009,E02002757,2796,45,61,117,427,750,126,79,26,48,65,128,320,659,130,50,15,1264
North Lincolnshire 010,E02002758,2729,62,46,131,420,722,106,62,18,54,69,146,304,626,79,29,17,1217
North Lincolnshire 011,E02002759,3915,47,73,162,419,1174,212,123,58,58,76,154,364,984,157,91,30,1731
North Lincolnshire 012,E02002760,2773,55,60,138,274,820,99,79,19,44,60,119,231,749,102,41,16,1284
North Lincolnshire 013,E02002761,3099,42,39,109,413,899,160,97,34,22,75,112,347,737,147,72,27,1406
North Lincolnshire 014,E02002762,2253,36,58,108,290,658,88,46,32,39,72,100,233,550,89,47,24,1017
North Lincolnshire 015,E02002763,2396,53,51,134,322,661,115,74,22,52,54,107,289,525,78,44,8,1044
North Lincolnshire 016,E02002764,2117,44,53,121,300,560,97,70,25,58,59,117,214,495,89,55,16,942
North Lincolnshire 017,E02002765,2489,48,79,104,321,697,116,71,19,43,52,101,274,586,97,63,24,1111
North Lincolnshire 018,E02002766,3701,59,74,192,468,989,157,116,35,46,85,186,395,848,191,62,25,1686
North Lincolnshire 019,E02002767,3382,55,51,160,426,971,159,95,21,62,58,142,333,849,143,83,6,1547
North Lincolnshire 020,E02002768,3235,44,62,139,369,1020,184,87,29,44,73,111,313,844,133,60,20,1408
North Lincolnshire 021,E02002769,2864,32,50,89,265,867,159,101,50,32,50,80,282,738,126,66,22,1304
North Lincolnshire 022,E02002770,3049,41,74,151,389,858,160,108,48,34,70,122,302,706,143,59,47,1305
North Lincolnshire 023,E02002771,3109,46,48,95,308,952,183,116,35,26,46,137,242,804,133,72,28,1397
York 001,E02002772,3497,48,71,120,446,992,146,81,35,65,74,120,463,865,116,55,29,1635
York 002,E02002773,3028,73,70,126,301,804,170,85,34,59,68,132,264,820,149,51,26,1433
York 003,E02002774,3449,82,67,151,322,948,187,108,37,87,68,154,308,945,157,50,16,1623
York 004,E02002775,2505,55,64,80,252,656,130,107,13,64,66,113,254,664,126,82,25,1252
York 005,E02002776,3123,74,52,117,375,775,204,113,21,45,46,133,335,777,168,82,33,1492
York 006,E02002777,4296,52,68,180,655,1112,131,65,32,61,96,229,657,996,119,54,18,2072
York 007,E02002778,3711,47,45,166,508,965,159,110,27,52,59,178,479,881,143,66,45,1764
York 008,E02002779,4403,55,81,163,433,1175,237,175,56,76,106,169,372,1115,248,81,39,2096
York 009,E02002780,3432,42,88,252,532,772,115,65,24,43,94,241,526,705,116,58,24,1656
York 010,E02002781,3716,42,81,290,528,732,130,60,32,63,190,387,519,702,119,54,13,1907
York 011,E02002782,2798,41,63,83,267,787,152,124,51,58,52,90,263,700,159,67,42,1318
York 012,E02002783,4494,71,96,181,510,1259,202,116,39,58,92,148,463,1132,203,87,25,2103
York 013,E02002784,4122,20,36,348,744,832,147,116,29,32,98,415,643,649,133,64,37,1937
York 014,E02002785,2954,64,51,129,332,748,166,115,26,50,70,127,344,704,170,61,22,1408
York 015,E02002786,3635,74,78,240,508,797,156,82,20,48,98,314,447,761,116,65,21,1747
York 016,E02002787,4154,34,74,213,640,1030,146,93,39,22,83,209,558,944,127,81,27,1950
York 017,E02002788,4358,45,49,259,751,1031,138,95,29,63,84,310,644,890,155,73,27,2071
York 018,E02002789,3610,52,96,195,487,875,122,101,40,69,107,183,449,858,138,73,29,1742
York 019,E02002790,4670,61,69,397,770,1000,173,112,33,59,94,317,612,928,174,87,24,2159
York 020,E02002791,3031,31,35,120,315,868,212,105,61,52,34,98,273,834,146,61,36,1369
York 021,E02002792,3332,36,37,162,516,815,121,82,28,20,64,167,513,749,133,91,30,1635
York 022,E02002793,4568,74,97,191,556,1228,207,112,28,85,74,179,536,1128,198,82,25,2155
York 023,E02002794,2953,54,184,197,288,608,132,93,36,33,216,237,292,590,149,53,29,1451
York 024,E02002795,4134,54,88,141,406,1181,234,117,43,67,75,143,383,1151,165,55,10,1939
Craven 001,E02005742,3518,57,63,119,319,995,229,140,72,65,47,107,241,949,178,74,49,1597
Craven 002,E02005743,2327,14,34,67,196,675,152,92,85,23,25,72,186,591,166,94,43,1073
Craven 003,E02005744,3277,39,54,109,298,947,190,130,73,34,63,94,321,842,148,99,46,1514
Craven 004,E02005745,2462,29,47,81,176,752,135,108,72,37,41,65,180,692,147,62,22,1132
Craven 005,E02005746,3180,58,53,140,343,850,155,95,55,63,70,141,328,816,169,73,19,1525
Craven 006,E02005747,2988,35,38,170,455,706,113,74,32,38,67,147,387,689,137,43,21,1415
Craven 007,E02005748,3411,37,41,130,326,1013,186,98,74,45,33,77,327,916,165,60,39,1568
Craven 008,E02005749,4702,49,66,188,532,1249,269,150,68,55,83,166,504,1183,213,106,53,2220
Hambleton 001,E02005750,3417,42,62,123,355,965,240,111,67,63,62,119,298,863,176,76,34,1547
Hambleton 002,E02005751,4177,48,68,108,333,1247,349,176,90,57,62,121,309,1126,232,88,37,1858
Hambleton 003,E02005752,3419,28,71,92,309,981,243,135,70,42,66,84,292,858,171,72,48,1536
Hambleton 004,E02005753,5758,95,114,231,756,1451,243,142,64,102,87,254,697,1389,221,104,15,2732
Hambleton 005,E02005754,3767,54,40,125,331,1135,203,115,75,82,68,134,324,1022,166,63,32,1763
Hambleton 006,E02005755,2969,60,47,99,314,843,133,119,65,51,45,119,280,736,127,94,29,1375
Hambleton 007,E02005756,3676,45,116,289,509,947,148,118,66,55,80,139,370,797,130,86,14,1527
Hambleton 008,E02005757,3901,62,66,135,440,1051,199,140,76,73,71,168,421,926,185,77,51,1813
Hambleton 009,E02005758,3966,64,103,222,508,1056,206,145,69,51,49,115,339,915,178,94,38,1678
Hambleton 010,E02005759,3844,36,82,154,341,1157,226,139,86,36,93,97,321,992,183,95,46,1722
Hambleton 011,E02005760,3294,38,80,188,379,958,141,136,45,45,59,127,318,777,122,81,27,1426
Harrogate 001,E02005761,2683,41,34,90,262,754,178,114,84,21,50,95,236,686,122,70,38,1186
Harrogate 002,E02005762,2720,35,81,242,463,620,89,64,47,31,98,157,297,542,96,51,18,1155
Harrogate 003,E02005763,3103,37,63,184,414,783,183,108,75,21,64,86,305,697,160,64,36,1321
Harrogate 004,E02005764,4988,77,97,226,636,1255,270,161,63,77,91,244,545,1082,250,97,54,2301
Harrogate 005,E02005765,3140,37,56,110,369,878,171,119,71,28,56,86,339,762,164,83,25,1408
Harrogate 006,E02005766,2968,66,52,104,259,863,191,114,81,38,74,97,256,738,156,79,40,1316
Harrogate 007,E02005767,3007,47,39,87,274,972,158,118,62,50,49,102,269,828,148,82,39,1379
Harrogate 008,E02005768,4251,1079,70,126,442,865,136,74,48,72,49,131,396,783,122,42,32,1490
Harrogate 009,E02005769,3185,62,57,128,359,830,172,94,36,57,36,138,366,744,169,74,48,1515
Harrogate 010,E02005770,4903,66,80,190,589,1244,224,173,62,80,73,170,559,1240,186,118,42,2360
Harrogate 011,E02005771,4157,48,78,191,593,1045,160,100,34,54,65,180,571,972,159,67,37,1991
Harrogate 012,E02005772,3123,50,49,106,250,992,183,128,26,67,52,88,220,896,150,71,29,1431
Harrogate 013,E02005773,3782,65,64,181,620,871,103,123,50,66,71,189,580,815,111,89,36,1804
Harrogate 014,E02005774,4324,88,69,189,586,1108,157,104,47,69,59,176,528,1061,148,95,42,2050
Harrogate 015,E02005775,4299,41,60,269,685,990,156,82,50,51,104,291,632,815,141,70,30,2019
Harrogate 016,E02005776,3841,48,54,118,303,1231,236,142,62,52,54,72,350,1035,176,105,49,1750
Harrogate 017,E02005777,4119,63,91,150,408,1134,236,117,69,89,99,129,394,1101,175,60,51,1931
Harrogate 018,E02005778,3085,45,25,141,310,889,192,174,75,43,27,109,251,744,168,63,55,1334
Harrogate 019,E02005779,3403,37,56,147,413,940,157,85,66,45,55,182,431,780,126,63,45,1580
Harrogate 020,E02005780,4417,73,45,156,412,1286,252,151,68,70,74,146,369,1175,219,92,51,2067
Harrogate 021,E02005781,2635,37,31,72,207,821,197,94,59,33,53,66,213,718,124,81,33,1199
Richmondshire 001,E02005782,3727,33,71,131,334,1118,244,153,62,33,54,112,306,990,162,100,29,1665
Richmondshire 002,E02005783,3958,74,82,166,380,1099,188,127,50,50,88,164,363,1018,190,87,19,1855
Richmondshire 003,E02005784,2973,39,94,208,463,752,110,65,33,39,61,107,343,637,119,53,20,1264
Richmondshire 004,E02005785,7116,418,691,1074,1597,1101,116,75,10,59,94,268,742,850,109,48,33,2098
Richmondshire 005,E02005786,3019,37,57,107,311,811,200,133,95,50,56,92,239,719,131,85,51,1333
Richmondshire 006,E02005787,3452,56,42,129,322,965,218,142,67,48,52,110,297,860,152,80,43,1561
Ryedale 001,E02005788,2984,32,48,113,275,857,233,133,67,37,45,96,234,782,171,85,48,1320
Ryedale 002,E02005789,4518,51,75,164,474,1260,290,153,76,57,77,166,417,1117,247,116,71,2093
Ryedale 003,E02005790,3104,35,50,92,286,865,220,121,107,34,49,100,243,753,162,90,95,1394
Ryedale 004,E02005791,3047,44,60,97,315,881,174,136,75,37,38,93,289,744,162,72,33,1352
Ryedale 005,E02005792,2425,45,36,94,320,627,145,85,47,36,48,99,274,525,114,46,37,1074
Ryedale 006,E02005793,3547,55,63,160,438,914,173,115,25,61,58,152,409,834,150,76,28,1669
Ryedale 007,E02005794,4596,57,48,119,418,1375,298,190,98,48,59,147,385,1144,228,120,71,2083
Scarborough 001,E02005795,2918,46,55,114,328,782,158,85,38,54,71,146,283,745,153,73,48,1412
Scarborough 002,E02005796,3429,40,56,132,300,1019,189,137,90,42,47,98,248,915,161,94,52,1536
Scarborough 003,E02005797,2785,56,73,133,321,783,135,66,22,57,50,124,296,709,129,59,21,1299
Scarborough 004,E02005798,3741,62,64,108,282,1018,256,183,76,82,73,104,243,1017,207,95,56,1774
Scarborough 005,E02005799,4056,77,78,121,332,1151,217,157,53,87,62,130,330,1157,206,90,38,1947
Scarborough 006,E02005800,3110,56,71,160,372,735,164,87,37,76,64,163,320,714,183,61,30,1492
Scarborough 007,E02005801,2018,32,45,87,197,501,124,77,49,42,52,84,210,541,125,53,25,991
Scarborough 008,E02005802,3691,54,96,183,538,875,140,110,16,58,65,211,514,862,147,57,25,1792
Scarborough 009,E02005803,3644,50,52,134,427,957,204,91,40,69,92,138,386,917,167,69,37,1763
Scarborough 010,E02005804,3003,35,59,219,354,665,159,126,47,19,92,214,345,614,122,61,29,1408
Scarborough 011,E02005805,3303,49,68,107,351,859,212,104,44,40,71,148,308,841,183,84,55,1598
Scarborough 012,E02005806,2668,64,74,125,314,714,110,92,29,64,57,129,307,650,164,60,41,1259
Scarborough 013,E02005807,2849,57,46,98,263,822,181,106,70,34,45,83,246,783,130,60,17,1285
Scarborough 014,E02005808,4149,46,101,172,388,1115,260,158,58,90,81,154,339,1100,209,116,41,1943
Selby 001,E02005809,3775,51,84,183,381,1070,160,102,43,36,93,114,417,1005,157,92,17,1782
Selby 002,E02005810,4146,53,57,155,452,1186,242,147,70,61,54,149,418,1074,189,87,25,1892
Selby 003,E02005811,4495,78,94,137,529,1275,198,105,63,56,97,151,544,1136,165,63,21,2098
Selby 004,E02005812,4031,52,70,137,463,1173,209,95,21,44,92,168,414,1068,138,45,25,1880
Selby 005,E02005813,3779,44,59,222,600,927,151,94,7,48,73,213,530,793,127,63,26,1754
Selby 006,E02005814,3014,51,58,131,321,811,160,98,22,65,66,122,308,758,129,54,22,1425
Selby 007,E02005815,4034,89,51,143,434,1226,209,82,49,59,85,126,408,1053,170,68,26,1836
Selby 008,E02005816,3879,41,64,146,492,1137,197,110,36,54,57,136,419,978,135,70,28,1753
Selby 009,E02005817,3390,52,69,100,401,988,188,90,48,46,44,91,398,869,147,46,15,1527
Selby 010,E02005818,3464,42,58,130,370,1029,210,112,53,46,64,114,324,931,155,67,37,1562
