Zone Code,Zone Name,ks0150002,"Underground, metro, light rail, tram ",Train ,"Bus, minibus or coach ","Motorcycle, scooter or moped ",Driving a car or van ,Passenger in a car or van ,Taxi or minicab ,Bicycle ,On foot ,Other,ks0150013
E02001509,Barnsley 001,210,19,37,189,59,1641,231,35,40,242,6,30.38
E02001510,Barnsley 002,184,7,18,223,58,1444,227,17,31,278,26,18.4
E02001511,Barnsley 003,170,3,19,188,44,1478,226,23,22,129,29,23.96
E02001512,Barnsley 004,231,17,39,258,70,2303,322,14,26,312,27,19.94
E02001513,Barnsley 005,309,24,49,243,47,2570,346,30,28,289,19,29.37
E02001514,Barnsley 006,175,11,34,204,54,1056,237,19,24,204,24,20.24
E02001515,Barnsley 007,191,5,39,465,69,1559,383,42,46,424,16,26.12
E02001516,Barnsley 008,202,11,31,268,54,1443,296,38,33,214,9,31.28
E02001517,Barnsley 009,211,10,35,314,65,2233,334,45,47,327,22,20.4
E02001518,Barnsley 010,273,5,55,271,51,2101,362,48,39,707,17,27.28
E02001519,Barnsley 011,124,9,28,266,53,1205,261,19,19,246,24,19.04
E02001520,Barnsley 012,356,5,42,267,77,3096,386,35,51,580,18,23.92
E02001521,Barnsley 013,349,17,64,338,73,2385,376,72,57,1238,21,29.31
E02001522,Barnsley 014,171,17,56,206,45,1598,313,20,35,342,18,15.4
E02001523,Barnsley 015,174,17,25,240,46,1703,227,35,26,362,17,21
E02001524,Barnsley 016,368,9,44,77,33,1967,162,13,24,133,22,19.02
E02001525,Barnsley 017,133,19,37,211,26,1022,246,34,17,476,13,10.18
E02001526,Barnsley 018,90,12,19,231,18,810,203,36,15,215,5,25.85
E02001527,Barnsley 019,209,9,37,208,50,1639,232,27,33,193,18,23.35
E02001528,Barnsley 020,321,15,43,282,73,2516,416,32,42,326,20,23.8
E02001529,Barnsley 021,234,12,28,378,62,2134,381,40,34,353,28,23.9
E02001530,Barnsley 022,165,19,32,168,25,1069,212,41,32,344,16,29.11
E02001531,Barnsley 023,183,19,36,264,61,1444,263,39,46,304,9,12.39
E02001532,Barnsley 024,334,7,71,165,66,2686,241,29,34,535,18,22.72
E02001533,Barnsley 025,176,8,63,186,38,1483,310,26,39,337,11,23.31
E02001534,Barnsley 026,203,12,75,201,38,1813,296,47,38,346,12,24.96
E02001535,Barnsley 027,445,23,18,80,44,1937,144,32,24,139,14,36.15
E02001536,Barnsley 028,263,8,43,334,68,2115,300,23,33,271,20,13.35
E02001537,Barnsley 029,200,16,120,257,55,1834,258,40,33,234,12,25.29
E02001538,Barnsley 030,223,5,53,285,52,1854,327,34,38,391,30,17.54
E02001539,Doncaster 001,205,8,34,207,35,1290,244,37,153,156,16,28.12
E02001540,Doncaster 002,489,12,65,305,84,2767,497,28,105,367,32,23.58
E02001541,Doncaster 003,356,15,126,213,60,2343,350,15,281,575,27,22.3
E02001542,Doncaster 004,263,21,18,280,46,1379,241,21,86,204,7,26.15
E02001543,Doncaster 005,214,13,61,314,65,1938,297,19,74,331,24,16.41
E02001544,Doncaster 006,230,13,36,355,60,2201,328,29,120,204,21,24.27
E02001545,Doncaster 007,283,10,115,288,47,2879,314,16,162,228,17,24.64
E02001546,Doncaster 008,399,22,39,204,43,2053,211,23,100,568,46,32.78
E02001547,Doncaster 009,262,19,114,507,50,2182,374,41,84,355,28,30.29
E02001548,Doncaster 010,219,16,60,411,39,1333,251,37,96,263,15,30.13
E02001549,Doncaster 011,229,1,52,227,45,1724,232,27,132,229,14,27.64
E02001550,Doncaster 012,210,21,71,352,42,1679,282,36,104,258,17,27.44
E02001551,Doncaster 013,173,23,74,377,22,1501,245,42,111,306,23,24.6
E02001552,Doncaster 014,147,11,19,261,50,1150,224,50,140,185,29,27.97
E02001553,Doncaster 015,246,16,56,452,58,1957,327,26,174,523,23,17.51
E02001554,Doncaster 016,208,6,70,368,47,1919,234,31,115,257,19,22.74
E02001555,Doncaster 017,192,10,27,268,42,1892,248,24,107,178,19,20.48
E02001556,Doncaster 018,245,9,45,442,55,1590,310,33,162,474,21,14.23
E02001557,Doncaster 019,372,12,117,368,39,1982,293,53,135,630,25,28.7
E02001558,Doncaster 020,352,5,37,195,37,2071,232,18,31,162,27,19.56
E02001559,Doncaster 021,299,18,63,272,38,2506,281,42,65,226,26,30.54
E02001560,Doncaster 022,248,12,76,443,49,1393,266,62,118,735,29,27.13
E02001561,Doncaster 023,149,11,43,346,49,1082,213,40,97,361,22,14.92
E02001562,Doncaster 024,142,5,40,311,21,1259,214,28,63,142,30,30.87
E02001563,Doncaster 025,303,7,51,262,43,2013,257,30,85,144,26,33.51
E02001564,Doncaster 026,377,6,66,284,48,2590,239,39,63,137,27,36.8
E02001565,Doncaster 027,297,9,70,185,46,2091,207,29,74,107,32,27.01
E02001566,Doncaster 028,180,6,24,318,45,1212,189,47,87,283,14,22.92
E02001567,Doncaster 029,220,20,30,542,51,1885,336,31,122,340,24,13.34
E02001568,Doncaster 030,164,17,52,226,40,1225,257,29,38,265,18,19.5
E02001569,Doncaster 031,224,14,106,260,43,1918,329,41,54,594,22,25.05
E02001570,Doncaster 032,172,0,34,243,39,1008,212,24,30,275,26,34.36
E02001571,Doncaster 033,268,16,44,246,46,1836,186,24,46,188,17,30.81
E02001572,Doncaster 034,187,15,26,405,45,1486,293,38,47,516,19,32.23
E02001573,Doncaster 035,197,13,23,375,47,1708,316,28,42,343,14,25.1
E02001574,Doncaster 036,178,16,44,277,46,2062,241,25,85,160,18,24.85
E02001575,Doncaster 037,152,19,12,369,41,1280,268,38,90,248,11,30.34
E02001576,Doncaster 038,247,15,27,142,25,1529,142,29,41,198,27,28.47
E02001577,Doncaster 039,349,18,25,133,31,2143,180,38,48,237,23,37.91
E02001578,Rotherham 001,213,26,22,251,56,2081,282,49,40,297,12,24
E02001579,Rotherham 002,257,22,49,351,55,2188,367,50,49,385,27,20.74
E02001580,Rotherham 003,230,15,134,356,52,2253,326,41,45,375,29,28.29
E02001581,Rotherham 004,125,23,55,196,40,1667,247,29,40,211,18,30.33
E02001582,Rotherham 005,171,22,29,489,65,1856,298,16,29,198,15,14.62
E02001583,Rotherham 006,159,18,31,398,41,1307,235,21,27,223,22,17.89
E02001584,Rotherham 007,327,70,26,326,54,2593,254,38,26,134,14,28.24
E02001585,Rotherham 008,154,14,29,373,42,1305,248,13,54,260,15,9.51
E02001586,Rotherham 009,201,33,31,662,36,1978,325,42,23,242,15,28.43
E02001587,Rotherham 010,144,11,13,403,16,1287,222,22,22,206,25,22.03
E02001588,Rotherham 011,143,30,32,580,48,1341,275,38,39,200,22,28.46
E02001589,Rotherham 012,205,11,26,309,37,1861,240,37,24,162,25,27.24
E02001590,Rotherham 013,151,1,33,478,41,1042,267,38,30,292,11,12.19
E02001591,Rotherham 014,171,6,22,477,55,1426,259,55,54,514,15,25.72
E02001592,Rotherham 015,248,101,30,725,54,2545,398,22,59,291,15,20.57
E02001593,Rotherham 016,175,32,11,431,44,1120,212,38,40,295,21,18.87
E02001594,Rotherham 017,161,29,54,316,22,1038,182,46,35,429,11,16.77
E02001595,Rotherham 018,305,23,22,471,73,3013,399,30,61,331,31,26.01
E02001596,Rotherham 019,285,22,19,494,50,2599,295,37,32,291,16,25.54
E02001597,Rotherham 020,231,16,25,541,56,1988,394,25,36,455,35,22.55
E02001598,Rotherham 021,280,16,22,500,44,2551,364,25,51,259,12,19.92
E02001599,Rotherham 022,262,26,20,237,34,1954,208,24,32,148,23,32.56
E02001600,Rotherham 023,328,25,55,284,37,2700,333,28,37,447,38,13.77
E02001601,Rotherham 024,208,23,23,271,35,1490,198,30,17,121,22,22.58
E02001602,Rotherham 025,248,58,23,570,74,2658,342,28,63,329,20,23.97
E02001603,Rotherham 026,226,29,17,244,55,1630,226,31,48,236,22,32.36
E02001604,Rotherham 027,223,21,17,499,65,2141,338,38,59,191,25,28.52
E02001605,Rotherham 028,275,19,28,153,31,1944,223,13,37,195,20,25.01
E02001606,Rotherham 029,295,25,25,307,52,2300,341,29,62,396,33,30.4
E02001607,Rotherham 030,279,29,19,478,59,2558,395,12,28,282,23,17.9
E02001608,Rotherham 031,233,26,19,339,58,1859,242,19,39,243,6,17.85
E02001609,Rotherham 032,404,15,20,309,46,2820,287,31,45,221,22,24.5
E02001610,Rotherham 033,387,28,56,271,48,2502,258,26,42,174,11,16.76
E02001611,Sheffield 001,262,28,25,466,63,1914,218,28,26,509,21,30.38
E02001612,Sheffield 002,215,45,20,329,37,1950,199,26,32,217,15,35.04
E02001613,Sheffield 003,422,45,54,752,81,3393,441,34,40,281,24,26.64
E02001614,Sheffield 004,421,46,114,692,67,3538,389,37,33,371,31,28.89
E02001615,Sheffield 005,331,42,19,451,36,2513,269,17,24,206,13,21.84
E02001616,Sheffield 006,165,20,30,624,28,1678,255,40,27,234,20,27.6
E02001617,Sheffield 007,108,31,21,503,36,919,191,18,27,174,9,13.4
E02001618,Sheffield 008,389,111,38,412,39,2342,222,32,18,190,12,25.58
E02001619,Sheffield 009,220,47,15,946,64,1658,310,28,31,317,10,8.67
E02001620,Sheffield 010,125,33,24,590,37,1027,195,24,15,226,16,13.76
E02001621,Sheffield 011,109,30,12,557,53,1070,170,30,32,150,6,23.19
E02001622,Sheffield 012,237,60,12,889,54,1833,302,38,54,392,21,25.18
E02001623,Sheffield 013,129,21,7,633,35,1013,187,22,28,282,22,21.82
E02001624,Sheffield 014,284,127,26,800,54,2408,335,35,48,436,25,17.53
E02001625,Sheffield 015,160,10,21,744,52,1268,242,23,32,357,21,16.88
E02001626,Sheffield 016,230,411,33,316,49,1537,205,26,41,251,26,20.59
E02001627,Sheffield 017,186,457,22,401,32,1325,188,34,34,409,33,27.48
E02001628,Sheffield 018,113,66,31,367,27,838,158,55,19,234,17,23.7
E02001629,Sheffield 019,147,40,19,528,29,928,144,32,26,237,13,26.16
E02001630,Sheffield 020,175,28,20,608,45,1155,162,73,42,354,33,13.61
E02001631,Sheffield 021,238,401,33,523,67,1948,231,25,56,410,30,11.64
E02001632,Sheffield 022,213,29,27,667,29,984,161,72,35,434,39,17.89
E02001633,Sheffield 023,349,63,18,452,48,2334,223,23,34,184,13,13.18
E02001634,Sheffield 024,312,230,49,806,50,2413,294,15,100,664,19,9.18
E02001635,Sheffield 025,200,88,10,560,31,1501,175,17,29,162,20,15.12
E02001636,Sheffield 026,205,319,27,439,51,1071,169,13,54,566,32,9.58
E02001637,Sheffield 027,105,46,6,356,42,631,132,37,32,246,18,10.25
E02001638,Sheffield 028,172,47,37,347,26,1032,137,14,49,712,20,18.35
E02001639,Sheffield 029,159,38,45,446,26,1417,163,23,59,633,12,27.28
E02001640,Sheffield 030,179,86,44,359,33,1066,145,36,51,809,25,36.14
E02001641,Sheffield 031,135,109,37,240,25,503,93,22,52,608,30,20.92
E02001642,Sheffield 032,263,23,20,886,37,2184,313,47,34,365,12,17.41
E02001643,Sheffield 033,240,32,29,377,27,1808,188,12,50,277,20,12.13
E02001644,Sheffield 034,105,139,36,580,17,740,179,18,20,284,19,11.88
E02001645,Sheffield 035,177,137,56,544,39,904,157,34,45,483,26,13.97
E02001646,Sheffield 036,252,84,57,403,33,1154,158,14,87,978,31,33.47
E02001647,Sheffield 037,196,24,16,512,55,1506,216,12,36,184,15,12.93
E02001648,Sheffield 038,306,42,50,399,36,1753,193,27,92,391,19,31.55
E02001649,Sheffield 039,130,74,26,783,49,998,219,31,48,293,32,25.36
E02001650,Sheffield 040,136,41,52,418,31,730,116,46,76,609,28,16.98
E02001651,Sheffield 041,369,19,40,492,28,2290,198,35,53,151,16,29.41
E02001652,Sheffield 042,164,58,48,509,22,871,143,43,59,676,24,14.01
E02001653,Sheffield 043,111,141,23,503,28,712,157,21,22,262,21,13.07
E02001654,Sheffield 044,179,34,38,631,46,1796,300,16,19,162,24,16.61
E02001655,Sheffield 045,146,35,12,732,40,1735,271,33,29,183,18,26.92
E02001656,Sheffield 046,261,51,80,600,46,1812,229,31,79,636,18,24.27
E02001657,Sheffield 047,400,45,59,805,52,2669,258,28,95,544,19,14.87
E02001658,Sheffield 048,96,144,25,535,17,728,169,33,11,200,21,27.46
E02001659,Sheffield 049,137,23,17,531,40,1339,208,21,24,200,13,26.27
E02001660,Sheffield 050,381,19,84,784,33,2012,234,44,144,627,37,11.92
E02001661,Sheffield 051,167,43,24,795,42,1364,218,31,69,375,9,12.7
E02001662,Sheffield 052,212,191,24,685,61,1745,284,8,37,178,32,10.78
E02001663,Sheffield 053,256,22,46,834,41,1798,229,23,128,432,22,15.77
E02001664,Sheffield 054,185,280,21,408,36,1559,188,14,12,149,26,11.34
E02001665,Sheffield 055,450,38,55,523,48,2936,240,40,78,223,11,29.16
E02001666,Sheffield 056,178,100,16,378,37,1517,241,18,18,248,31,24.72
E02001667,Sheffield 057,181,108,31,697,59,1808,300,22,27,155,26,11.02
E02001668,Sheffield 058,121,116,13,580,33,999,210,28,15,189,13,17.44
E02001669,Sheffield 059,267,38,28,868,45,2079,251,35,63,392,19,29.57
E02001670,Sheffield 060,131,127,22,615,28,967,177,21,14,150,25,10.63
E02001671,Sheffield 061,226,312,30,289,32,1857,242,21,18,143,30,20.45
E02001672,Sheffield 062,163,362,20,284,30,1446,181,21,27,139,24,15.78
E02001673,Sheffield 063,283,183,26,258,37,2185,275,21,18,205,29,27.47
E02001674,Sheffield 064,347,33,17,723,50,2582,241,27,56,271,15,24.42
E02001675,Sheffield 065,270,309,20,613,47,2320,327,25,41,401,35,13.24
E02001676,Sheffield 066,266,28,35,462,46,1821,207,25,51,142,14,28.18
E02001677,Sheffield 067,365,188,41,419,52,2905,308,24,24,201,21,28.99
E02001678,Sheffield 068,575,29,60,409,60,2726,211,21,58,164,14,26.38
E02001679,Sheffield 069,184,15,16,616,49,1219,176,17,40,170,25,19.01
E02001680,Sheffield 070,120,15,24,620,52,902,173,33,35,214,18,19.13
E02001681,Sheffield 071,345,17,30,538,59,2167,203,32,41,157,20,22.01
E02002183,Bradford 001,338,22,218,98,33,1504,126,12,26,162,19,23.96
E02002184,Bradford 002,660,31,594,103,40,3017,230,38,54,673,41,35.29
E02002185,Bradford 003,257,20,311,109,33,1812,133,20,38,195,8,24.4
E02002186,Bradford 004,585,24,312,349,60,3797,442,37,48,675,38,19.57
E02002187,Bradford 005,293,26,322,99,37,1748,138,24,32,130,16,25.05
E02002188,Bradford 006,301,14,138,276,39,1848,199,20,48,194,16,15.34
E02002189,Bradford 007,226,13,134,166,22,1416,236,51,11,282,30,31.03
E02002190,Bradford 008,309,10,207,477,41,1937,351,64,28,589,37,24.84
E02002191,Bradford 009,232,17,153,412,34,1540,336,56,22,653,18,15.09
E02002192,Bradford 010,406,16,235,180,29,2626,231,30,29,259,30,28.48
E02002193,Bradford 011,200,12,116,301,39,1079,246,38,30,400,22,22.66
E02002194,Bradford 012,208,4,114,443,36,1782,307,45,29,412,28,21.42
E02002195,Bradford 013,327,11,180,136,48,2025,176,23,46,218,27,23.63
E02002196,Bradford 014,279,19,139,280,44,1964,281,42,22,160,26,31.05
E02002197,Bradford 015,273,7,293,289,48,1980,244,48,59,491,27,27.24
E02002198,Bradford 016,311,19,240,238,58,2331,256,28,41,405,20,18.21
E02002199,Bradford 017,299,22,80,256,44,2108,252,43,25,191,21,31.53
E02002200,Bradford 018,380,25,354,343,50,2568,285,39,49,440,32,30.16
E02002201,Bradford 019,373,8,95,542,40,3134,449,46,47,397,24,25.93
E02002202,Bradford 020,221,14,255,359,47,1318,175,41,47,445,29,23.18
E02002203,Bradford 021,232,13,103,415,31,1627,319,34,29,403,30,10.53
E02002204,Bradford 022,553,18,132,418,63,3680,376,20,49,314,26,12.38
E02002205,Bradford 023,604,22,133,407,59,3063,301,41,47,340,24,26.12
E02002206,Bradford 024,279,1,77,495,58,2056,403,57,39,322,23,25.27
E02002207,Bradford 025,191,22,158,360,39,1205,198,34,49,283,18,19.57
E02002208,Bradford 026,243,9,34,456,44,1708,345,29,25,407,24,13.43
E02002209,Bradford 027,142,15,33,364,31,1046,225,41,25,276,9,11.56
E02002210,Bradford 028,266,19,52,429,53,2055,366,41,43,288,15,12.7
E02002211,Bradford 029,205,20,64,187,23,1372,221,35,22,185,25,19.28
E02002212,Bradford 030,180,13,36,323,34,1401,183,46,20,240,8,23.91
E02002213,Bradford 031,322,13,59,274,43,1940,195,25,24,221,9,15.23
E02002214,Bradford 032,193,7,40,386,38,1647,301,33,37,263,23,11.6
E02002215,Bradford 033,192,18,36,341,16,1192,235,57,32,340,24,20.43
E02002216,Bradford 034,160,17,64,327,29,865,190,43,34,314,18,16.51
E02002217,Bradford 035,232,13,59,459,39,1321,302,65,48,336,25,23.9
E02002218,Bradford 036,295,8,64,510,61,2227,328,40,31,251,15,12.04
E02002219,Bradford 037,160,9,32,221,38,782,180,48,30,347,18,14.72
E02002220,Bradford 038,213,4,41,443,42,1054,228,54,27,382,34,13.45
E02002221,Bradford 039,215,7,64,399,37,800,230,41,29,492,24,11.54
E02002222,Bradford 040,184,6,57,499,44,1526,290,67,37,288,25,26.47
E02002223,Bradford 041,167,20,44,292,15,741,185,43,14,363,27,26.1
E02002224,Bradford 042,191,23,32,328,23,837,195,41,14,329,19,9.84
E02002225,Bradford 043,313,23,43,467,49,2233,296,38,30,183,16,19.11
E02002226,Bradford 044,224,16,88,404,22,1151,244,77,29,754,35,18.78
E02002227,Bradford 045,144,15,35,358,38,741,197,42,34,376,26,13.29
E02002228,Bradford 046,139,9,17,353,47,899,222,41,32,372,19,10.39
E02002229,Bradford 047,255,10,51,409,44,2013,375,65,30,270,23,28.32
E02002230,Bradford 048,129,12,52,359,36,695,179,36,38,418,32,17.83
E02002231,Bradford 049,339,20,57,589,46,2220,410,65,32,423,19,23.24
E02002232,Bradford 050,173,10,57,401,40,1274,257,21,40,292,14,9.77
E02002233,Bradford 051,137,18,35,463,30,908,206,71,35,357,25,23.77
E02002234,Bradford 052,121,4,21,380,28,789,215,73,43,435,24,10.5
E02002235,Bradford 053,144,16,24,372,43,963,230,46,37,319,21,12.27
E02002236,Bradford 054,190,20,35,422,36,1641,297,41,28,263,17,17.47
E02002237,Bradford 055,211,14,49,554,39,1897,369,46,41,274,15,15.45
E02002238,Bradford 056,142,16,36,523,27,1357,274,49,17,261,14,23.02
E02002239,Bradford 057,284,5,42,430,61,2042,311,59,37,423,18,10.23
E02002240,Bradford 058,458,5,55,608,89,3444,431,19,35,303,13,12.78
E02002241,Bradford 059,325,11,40,788,61,2643,560,76,59,499,32,20.92
E02002242,Bradford 060,299,14,22,457,62,2279,344,33,43,380,15,19.25
E02002243,Bradford 061,317,3,46,589,60,2430,422,54,51,405,36,18.18
E02002244,Calderdale 001,258,7,35,383,36,1823,283,37,16,228,20,23.79
E02002245,Calderdale 002,128,19,26,501,46,934,223,34,34,153,27,14.68
E02002246,Calderdale 003,444,15,34,477,52,3150,319,13,30,229,27,14.56
E02002247,Calderdale 004,611,17,381,398,46,2465,206,10,56,432,28,19.62
E02002248,Calderdale 005,237,22,38,587,60,1544,279,37,41,295,15,22.17
E02002249,Calderdale 006,148,8,51,521,40,1129,251,37,28,301,12,28.04
E02002250,Calderdale 007,412,6,144,308,40,2329,219,30,45,306,19,28.5
E02002251,Calderdale 008,249,20,59,470,27,1477,245,38,25,568,26,15.06
E02002252,Calderdale 009,210,3,47,344,31,1785,223,29,25,177,13,18.37
E02002253,Calderdale 010,167,15,51,413,25,1475,274,31,23,354,21,16.11
E02002254,Calderdale 011,305,19,20,263,54,2003,208,25,33,190,12,26.5
E02002255,Calderdale 012,171,13,54,206,29,641,173,39,14,430,21,15.16
E02002256,Calderdale 013,380,3,179,339,54,1958,297,15,54,579,34,22.96
E02002257,Calderdale 014,171,11,60,269,43,918,181,62,22,363,11,28.71
E02002258,Calderdale 015,341,18,32,369,53,2340,259,30,36,440,26,19.86
E02002259,Calderdale 016,265,18,97,292,52,1529,263,50,28,521,11,18.58
E02002260,Calderdale 017,347,7,94,536,56,2120,376,32,49,472,29,18.66
E02002261,Calderdale 018,279,9,87,412,59,2053,334,38,40,442,27,20.25
E02002262,Calderdale 019,264,16,41,368,52,2119,293,35,48,515,18,26.16
E02002263,Calderdale 020,303,22,44,365,56,1718,237,23,46,202,21,21.12
E02002264,Calderdale 021,247,4,85,279,31,1858,230,53,22,443,21,30.27
E02002265,Calderdale 022,241,14,117,220,64,1407,213,18,57,334,31,19.9
E02002266,Calderdale 023,261,9,59,245,51,1944,227,14,37,329,18,14.33
E02002267,Calderdale 024,291,10,30,362,71,2175,288,43,35,351,16,27
E02002268,Calderdale 025,362,3,50,511,74,2215,272,48,60,624,32,21.94
E02002269,Calderdale 026,431,6,74,456,63,3107,372,29,46,246,20,27.77
E02002270,Calderdale 027,445,14,56,237,45,2722,222,18,32,203,35,20.99
E02002271,Kirklees 001,291,14,32,303,68,2235,280,17,46,168,23,11.12
E02002272,Kirklees 002,339,12,33,515,75,2706,416,49,47,453,13,22.59
E02002273,Kirklees 003,280,6,9,250,55,1996,226,27,39,220,20,14.17
E02002274,Kirklees 004,236,14,25,302,53,2014,269,39,31,229,19,30.34
E02002275,Kirklees 005,306,1,22,381,60,2160,281,26,68,513,17,14.12
E02002276,Kirklees 006,274,9,29,318,74,2071,372,51,59,349,31,18.14
E02002277,Kirklees 007,212,16,63,225,49,1680,219,47,26,335,12,27.43
E02002278,Kirklees 008,222,3,25,241,32,1769,247,32,40,286,18,20.78
E02002279,Kirklees 009,215,14,26,254,60,1528,244,22,50,367,10,16.17
E02002280,Kirklees 010,111,17,36,218,28,734,214,50,21,374,20,22.01
E02002281,Kirklees 011,289,13,46,417,64,2734,451,59,69,584,13,24.72
E02002282,Kirklees 012,183,4,53,247,31,1424,287,54,25,408,15,17.62
E02002283,Kirklees 013,190,11,95,251,41,1236,270,50,25,396,27,24.35
E02002284,Kirklees 014,225,5,56,318,48,1871,261,40,40,295,13,21.5
E02002285,Kirklees 015,350,21,27,267,61,2592,304,45,59,324,15,27.88
E02002286,Kirklees 016,156,2,68,246,45,1247,232,40,43,367,14,14.8
E02002287,Kirklees 017,194,0,102,182,50,1075,136,44,32,313,11,23.79
E02002288,Kirklees 018,233,18,71,468,61,2044,373,69,60,433,12,25.81
E02002289,Kirklees 019,153,10,45,215,48,1129,210,47,50,329,16,25.74
E02002290,Kirklees 020,259,14,57,225,54,2100,232,25,51,211,19,14.84
E02002291,Kirklees 021,266,16,49,242,39,1961,222,38,47,284,13,20.56
E02002292,Kirklees 022,250,20,49,284,32,1781,196,25,12,134,12,22.92
E02002293,Kirklees 023,187,5,48,301,51,1002,181,42,66,416,10,19.14
E02002294,Kirklees 024,299,4,112,341,31,1625,283,57,41,440,22,12.94
E02002295,Kirklees 025,158,19,55,473,46,913,183,23,40,221,20,9.72
E02002296,Kirklees 026,269,6,142,192,39,1965,207,22,50,242,3,21.38
E02002297,Kirklees 027,316,7,84,221,25,1866,223,25,16,178,27,23.41
E02002298,Kirklees 028,257,7,66,343,51,1814,268,37,33,197,17,19.25
E02002299,Kirklees 029,199,21,57,401,44,789,158,45,47,381,25,23.67
E02002300,Kirklees 030,270,11,61,283,32,1848,209,17,19,233,14,19.69
E02002301,Kirklees 031,191,9,93,354,23,994,236,47,36,381,22,21.83
E02002302,Kirklees 032,275,3,47,277,54,1823,221,31,40,168,24,20.43
E02002303,Kirklees 033,234,19,70,325,62,1516,189,19,40,408,10,13.73
E02002304,Kirklees 034,226,17,113,327,40,1309,218,30,41,481,20,22.58
E02002305,Kirklees 035,181,18,49,465,41,1098,191,23,35,327,22,16.96
E02002306,Kirklees 036,274,4,63,274,54,2182,262,24,27,191,22,22.71
E02002307,Kirklees 037,201,12,51,426,71,1476,246,26,49,318,23,15.01
E02002308,Kirklees 038,201,10,57,376,47,1769,218,13,32,263,14,14.67
E02002309,Kirklees 039,177,9,100,286,29,1092,216,15,31,371,27,17.3
E02002310,Kirklees 040,169,16,46,447,34,1209,206,30,41,300,19,12.23
E02002311,Kirklees 041,242,8,57,367,50,1799,253,27,41,238,10,24.85
E02002312,Kirklees 042,161,13,103,334,37,1128,208,26,50,476,19,23.88
E02002313,Kirklees 043,152,27,66,360,33,906,177,49,38,363,20,20.72
E02002314,Kirklees 044,233,19,68,319,45,1526,200,27,31,192,11,18.8
E02002315,Kirklees 045,243,20,65,471,75,1725,265,30,56,268,13,18.28
E02002316,Kirklees 046,302,18,29,294,46,1944,206,36,17,139,20,29.29
E02002317,Kirklees 047,204,10,55,436,39,1341,182,39,31,314,22,18.74
E02002318,Kirklees 048,212,12,76,370,48,1416,206,17,37,332,7,18.66
E02002319,Kirklees 049,254,21,121,301,48,1821,261,21,48,313,25,15.25
E02002320,Kirklees 050,256,1,84,341,53,1733,217,19,47,189,21,20.99
E02002321,Kirklees 051,349,13,74,292,56,2020,235,24,35,219,16,32.68
E02002322,Kirklees 052,300,19,162,274,54,1744,195,22,45,250,10,19.65
E02002323,Kirklees 053,425,9,109,306,59,2464,264,9,47,264,22,18.12
E02002324,Kirklees 054,283,14,31,204,44,2031,198,19,30,232,16,24.14
E02002325,Kirklees 055,369,7,62,343,69,2471,239,10,47,361,20,15.92
E02002326,Kirklees 056,378,9,68,169,53,2206,186,32,40,144,12,38.07
E02002327,Kirklees 057,505,6,94,225,68,3121,293,15,43,329,23,22.62
E02002328,Kirklees 058,380,8,47,210,53,2207,176,12,41,220,14,16.18
E02002329,Kirklees 059,684,17,74,375,63,3808,362,13,30,422,33,20.14
E02002330,Leeds 001,388,8,30,163,37,2411,187,36,65,313,22,34.69
E02002331,Leeds 002,267,5,18,174,41,1372,155,26,72,495,22,32.26
E02002332,Leeds 003,242,16,50,237,60,1659,206,13,62,437,5,18.47
E02002333,Leeds 004,388,17,117,417,41,2360,251,37,74,606,20,25.77
E02002334,Leeds 005,457,5,44,215,41,2369,210,36,49,182,27,27
E02002335,Leeds 006,513,13,25,174,35,2427,185,26,24,125,31,32.52
E02002336,Leeds 007,410,11,38,183,36,2087,147,17,27,138,19,22.75
E02002337,Leeds 008,346,17,211,137,49,1894,164,29,37,271,20,16.44
E02002338,Leeds 009,263,11,264,194,57,1792,175,39,52,422,14,25.54
E02002339,Leeds 010,204,9,74,280,50,1620,235,42,56,425,24,29.06
E02002340,Leeds 011,253,18,56,278,43,1753,222,26,63,395,9,14.02
E02002341,Leeds 012,390,24,30,334,47,2505,208,35,39,112,13,17.23
E02002342,Leeds 013,245,12,121,368,50,1846,192,43,47,195,13,27.24
E02002343,Leeds 014,285,10,78,304,42,2117,232,45,42,278,15,24.15
E02002344,Leeds 015,374,6,25,451,28,2480,229,27,21,120,21,20.06
E02002345,Leeds 016,310,8,29,322,21,2014,175,30,24,119,29,23.89
E02002346,Leeds 017,213,3,152,417,37,1494,203,35,26,238,10,19.83
E02002347,Leeds 018,211,22,12,470,30,1256,188,63,31,242,28,30.31
E02002348,Leeds 019,220,4,52,480,50,1528,190,37,40,220,20,26.41
E02002349,Leeds 020,256,24,30,419,30,1841,166,33,41,121,27,29.26
E02002350,Leeds 021,293,18,149,255,41,1866,189,27,28,259,19,16.31
E02002351,Leeds 022,317,20,23,251,51,1839,179,26,33,116,23,17.87
E02002352,Leeds 023,327,6,36,587,35,2112,275,41,53,193,17,15.11
E02002353,Leeds 024,263,13,43,420,32,1890,203,54,50,159,11,31.56
E02002354,Leeds 025,297,10,28,616,56,2011,273,55,50,250,23,16.1
E02002355,Leeds 026,189,10,40,412,20,1294,166,32,44,194,15,38.25
E02002356,Leeds 027,398,7,59,434,45,2552,251,22,50,295,30,20.82
E02002357,Leeds 028,313,22,111,557,49,2269,299,40,62,381,19,23.27
E02002358,Leeds 029,255,9,26,653,51,2003,340,37,57,335,21,17.97
E02002359,Leeds 030,396,6,81,242,42,2134,190,21,19,132,19,19.42
E02002360,Leeds 031,208,7,29,503,54,1664,219,45,45,200,18,24
E02002361,Leeds 032,231,6,39,485,38,1538,182,47,47,188,12,14.85
E02002362,Leeds 033,190,11,45,768,38,1594,277,32,42,293,27,22.24
E02002363,Leeds 034,268,6,46,710,45,1865,256,68,71,286,25,27.21
E02002364,Leeds 035,101,6,29,545,36,926,232,40,43,304,24,10.47
E02002365,Leeds 036,240,8,65,756,44,1565,162,35,100,341,16,19.4
E02002366,Leeds 037,268,19,36,634,52,1907,254,39,57,196,29,22.26
E02002367,Leeds 038,132,14,30,574,26,865,165,43,55,273,4,15.4
E02002368,Leeds 039,379,9,35,422,50,2621,254,16,29,257,20,16.5
E02002369,Leeds 040,166,6,23,646,34,1176,286,66,51,277,21,15.52
E02002370,Leeds 041,128,11,39,674,34,1063,291,34,36,315,13,9.03
E02002371,Leeds 042,194,6,49,743,33,1048,166,74,62,387,15,27.67
E02002372,Leeds 043,120,26,41,612,34,683,132,22,61,418,19,28.33
E02002373,Leeds 044,165,22,90,1106,37,1188,186,54,96,553,20,37.08
E02002374,Leeds 045,192,9,92,729,41,1373,250,32,78,396,15,10.54
E02002375,Leeds 046,156,5,24,649,37,1057,241,53,43,262,20,38.57
E02002376,Leeds 047,98,16,29,550,23,823,196,72,29,274,12,18.04
E02002377,Leeds 048,131,7,53,496,23,590,141,58,36,233,14,10.42
E02002378,Leeds 049,134,8,62,780,32,620,113,50,68,660,16,35.17
E02002379,Leeds 050,94,11,26,449,29,786,207,64,33,322,28,24.33
E02002380,Leeds 051,186,8,30,573,49,1512,246,40,70,232,11,10.51
E02002381,Leeds 052,214,4,26,521,47,1708,248,43,50,273,10,22.88
E02002382,Leeds 053,135,20,26,570,22,834,185,60,38,405,19,13.73
E02002383,Leeds 054,124,7,78,754,43,694,151,46,73,712,19,21.77
E02002384,Leeds 055,143,12,56,586,29,683,148,51,41,891,15,27.62
E02002385,Leeds 056,176,28,136,987,43,1285,262,51,99,707,28,19.18
E02002386,Leeds 057,323,12,147,757,51,2398,384,34,45,331,15,27.13
E02002387,Leeds 058,154,10,52,610,40,1148,237,39,32,315,23,18.97
E02002388,Leeds 059,216,14,34,777,42,1560,308,60,47,328,12,27.57
E02002389,Leeds 060,105,20,23,523,38,795,201,47,54,236,17,16.16
E02002390,Leeds 061,198,9,35,552,42,1253,243,54,51,346,18,19.08
E02002391,Leeds 062,277,14,47,613,65,2229,304,48,70,549,25,17.03
E02002392,Leeds 063,109,7,62,352,22,515,97,59,47,840,12,37.22
E02002393,Leeds 064,137,4,44,539,39,549,126,44,44,556,25,18.28
E02002394,Leeds 065,150,11,41,650,48,984,226,59,39,577,5,9.52
E02002395,Leeds 066,238,12,47,378,45,1761,258,33,29,248,20,24.39
E02002396,Leeds 067,277,12,49,911,60,2108,347,42,69,435,18,9.57
E02002397,Leeds 068,228,19,28,604,43,1811,315,58,57,414,9,24.15
E02002398,Leeds 069,286,14,92,670,49,2101,336,43,62,241,12,20.54
E02002399,Leeds 070,125,3,26,656,21,963,254,52,48,324,13,22.83
E02002400,Leeds 071,142,21,39,723,33,1080,242,73,63,592,22,16.81
E02002401,Leeds 072,95,5,28,543,37,661,162,49,36,246,5,22.02
E02002402,Leeds 073,284,11,61,446,40,2098,283,28,35,177,24,22.09
E02002403,Leeds 074,238,19,253,328,37,1630,206,26,42,358,11,30.45
E02002404,Leeds 075,114,14,45,488,28,902,214,58,59,506,23,18.05
E02002405,Leeds 076,279,14,25,518,38,2221,297,39,36,385,8,14.59
E02002406,Leeds 077,323,12,415,387,70,2558,290,27,63,260,23,31.76
E02002407,Leeds 078,139,13,25,623,31,1057,242,73,56,337,11,12.9
E02002408,Leeds 079,265,15,33,479,34,2039,303,48,44,375,15,16.32
E02002409,Leeds 080,229,19,23,558,65,1573,289,45,46,189,17,19.34
E02002410,Leeds 081,197,10,21,543,66,1450,261,40,56,371,20,18.49
E02002411,Leeds 082,145,6,35,633,38,824,182,31,63,473,7,8.18
E02002412,Leeds 083,222,13,16,547,45,1744,288,44,65,294,31,19.35
E02002413,Leeds 084,197,19,66,535,37,977,189,45,58,724,27,25.29
E02002414,Leeds 085,110,13,25,566,34,680,165,45,58,395,16,18.99
E02002415,Leeds 086,143,21,29,503,26,687,156,30,38,319,28,13.73
E02002416,Leeds 087,255,9,37,409,46,1734,249,10,20,234,29,14.29
E02002417,Leeds 088,247,12,167,327,66,1747,235,25,42,153,16,23.46
E02002418,Leeds 089,264,10,75,547,69,2298,341,14,37,220,23,18.36
E02002419,Leeds 090,178,13,36,767,52,1240,285,53,70,475,19,18.02
E02002420,Leeds 091,220,12,32,874,34,1683,304,57,69,391,21,26.09
E02002421,Leeds 092,114,13,24,562,36,732,184,57,44,254,15,14.25
E02002422,Leeds 093,254,22,41,572,47,1845,292,27,41,189,19,14.67
E02002423,Leeds 094,153,3,9,684,59,1159,255,27,37,177,19,12.5
E02002424,Leeds 095,329,15,31,595,58,2310,332,39,59,300,8,14.11
E02002425,Leeds 096,362,8,15,474,51,2572,341,22,44,278,19,13.37
E02002426,Leeds 097,329,2,170,457,58,2387,294,43,32,208,9,31.24
E02002427,Leeds 098,243,0,25,558,37,1913,249,34,27,331,14,13.68
E02002428,Leeds 099,198,8,15,695,34,1450,287,37,33,191,19,13.09
E02002429,Leeds 100,306,10,16,649,47,2384,326,39,40,210,23,17.22
E02002430,Leeds 101,146,9,18,847,42,1015,272,40,33,217,23,16.14
E02002431,Leeds 102,232,7,50,613,50,2185,337,71,45,456,14,26.02
E02002432,Leeds 103,265,16,33,489,43,2054,235,39,42,154,8,32.11
E02002433,Leeds 104,203,3,30,469,37,1434,237,50,31,431,5,27.21
E02002434,Leeds 105,219,16,12,479,44,1936,276,21,25,131,26,16.25
E02002435,Leeds 106,334,11,30,447,64,2169,268,43,34,370,11,18.63
E02002436,Leeds 107,272,16,31,446,48,1941,301,34,51,241,25,23.02
E02002437,Leeds 108,290,10,33,388,41,2322,301,20,34,124,16,17.11
E02002438,Wakefield 001,129,20,50,392,52,1413,352,21,65,206,13,12.52
E02002439,Wakefield 002,206,8,125,332,58,1785,299,34,81,745,32,22.28
E02002440,Wakefield 003,208,17,75,330,45,1866,350,35,31,227,11,23.71
E02002441,Wakefield 004,184,12,61,335,47,1547,323,33,71,405,24,17.18
E02002442,Wakefield 005,189,18,62,232,29,1777,276,26,45,362,13,12.51
E02002443,Wakefield 006,221,5,57,361,34,2194,287,21,30,189,15,22.42
E02002444,Wakefield 007,245,14,42,304,74,1919,265,12,51,155,14,14.23
E02002445,Wakefield 008,249,17,79,444,44,2064,307,37,57,308,20,30.36
E02002446,Wakefield 009,222,4,72,220,59,1985,244,34,41,174,7,23.04
E02002447,Wakefield 010,193,17,50,203,51,1273,258,41,99,496,23,18.76
E02002448,Wakefield 011,154,2,57,346,43,1627,296,48,88,399,13,14.72
E02002449,Wakefield 012,214,23,119,275,56,2316,359,52,57,378,19,28.26
E02002450,Wakefield 013,199,20,73,228,49,1766,282,16,79,352,17,19.97
E02002451,Wakefield 014,329,20,70,337,62,2451,306,27,49,236,15,27.12
E02002452,Wakefield 015,214,9,75,251,46,1566,263,51,45,583,15,28.79
E02002453,Wakefield 016,245,12,90,439,84,2026,354,45,101,391,18,11.46
E02002454,Wakefield 017,172,17,72,304,35,1080,187,58,44,554,27,22.93
E02002455,Wakefield 018,137,9,32,220,35,1118,223,66,51,411,9,27.81
E02002456,Wakefield 019,218,15,91,290,49,1427,234,61,46,626,43,28.41
E02002457,Wakefield 020,172,8,45,398,59,1551,255,46,68,413,18,18.85
E02002458,Wakefield 021,347,3,51,425,66,2846,353,34,60,469,18,16.62
E02002459,Wakefield 022,251,0,95,403,73,2305,337,56,104,522,20,29.59
E02002460,Wakefield 023,254,13,60,201,46,2210,297,36,44,398,29,16.69
E02002461,Wakefield 024,325,0,87,400,64,2318,387,28,66,240,11,12.67
E02002462,Wakefield 025,288,13,32,318,50,2307,275,35,57,427,14,16.52
E02002463,Wakefield 026,182,22,63,522,54,1527,324,56,67,438,23,14.97
E02002464,Wakefield 027,183,3,46,386,33,1719,264,32,77,422,9,27.24
E02002465,Wakefield 028,172,5,63,202,43,1555,212,25,60,368,21,14.5
E02002466,Wakefield 029,340,10,65,444,53,2729,384,40,58,395,21,29.26
E02002467,Wakefield 030,186,10,110,557,52,1606,275,51,70,485,23,26.58
E02002468,Wakefield 031,253,6,63,310,45,1932,289,18,69,242,13,17.18
E02002469,Wakefield 032,210,5,69,301,59,1939,263,22,29,187,25,30.32
E02002470,Wakefield 033,323,6,95,176,48,2182,180,13,31,98,14,22.09
E02002471,Wakefield 034,472,16,71,238,75,3279,290,23,63,302,21,19.27
E02002472,Wakefield 035,254,11,49,202,75,2000,231,33,38,124,24,24.56
E02002473,Wakefield 036,236,16,47,257,53,2382,233,30,49,163,26,28.62
E02002474,Wakefield 037,194,15,43,342,57,1563,226,39,49,208,4,21.01
E02002475,Wakefield 038,257,10,67,164,34,1822,180,17,28,107,28,18.75
E02002476,Wakefield 039,136,6,56,252,42,1015,224,32,34,239,7,21.71
E02002477,Wakefield 040,192,19,48,234,67,1383,218,12,32,140,14,13.44
E02002478,Wakefield 041,174,5,52,220,51,1543,242,32,48,130,10,27.25
E02002479,Wakefield 042,222,18,79,310,54,1735,303,21,29,423,16,23.76
E02002480,Wakefield 043,152,13,109,135,50,1326,257,24,57,473,19,20.12
E02002481,Wakefield 044,120,8,90,137,30,1217,236,32,29,358,30,20.91
E02002482,Wakefield 045,165,9,77,226,46,1337,285,42,44,283,11,31.03
E02002652,Kingston upon Hull 001,150,18,43,450,76,1587,294,75,188,215,33,28.88
E02002653,Kingston upon Hull 002,141,7,28,484,68,1183,267,98,364,330,34,25.77
E02002654,Kingston upon Hull 003,133,12,18,426,52,748,222,79,331,209,26,19.45
E02002655,Kingston upon Hull 004,152,1,16,443,74,1122,270,69,340,306,14,30.51
E02002656,Kingston upon Hull 005,179,1,28,293,73,1632,236,36,273,161,20,19.11
E02002657,Kingston upon Hull 006,214,19,22,430,95,1952,376,69,355,297,45,23.89
E02002658,Kingston upon Hull 007,196,10,21,384,87,2237,342,32,306,171,25,18.89
E02002659,Kingston upon Hull 008,173,9,20,485,87,1263,294,87,466,304,18,23.14
E02002660,Kingston upon Hull 009,151,18,17,435,55,1335,190,33,275,211,32,14.16
E02002661,Kingston upon Hull 010,155,17,14,515,61,1368,228,39,323,175,41,17.75
E02002662,Kingston upon Hull 011,155,5,24,380,73,1346,192,40,334,222,16,11.05
E02002663,Kingston upon Hull 012,168,22,33,315,44,1124,180,45,210,285,25,16.72
E02002664,Kingston upon Hull 013,216,17,35,368,97,2291,340,52,473,226,38,14.63
E02002665,Kingston upon Hull 014,250,15,37,304,63,2152,277,35,433,299,27,17.93
E02002666,Kingston upon Hull 015,137,17,32,395,54,905,190,54,297,457,24,31.55
E02002667,Kingston upon Hull 016,222,22,28,410,68,1861,315,63,503,324,32,17.55
E02002668,Kingston upon Hull 017,135,10,14,429,64,961,207,69,366,195,17,28.44
E02002669,Kingston upon Hull 018,216,23,34,373,46,1413,244,60,450,477,29,20.06
E02002670,Kingston upon Hull 019,146,22,22,306,75,1531,259,31,350,180,16,12.6
E02002671,Kingston upon Hull 020,184,14,26,377,70,1435,274,54,435,326,39,16.64
E02002672,Kingston upon Hull 021,111,9,27,454,54,875,186,23,362,182,25,12.33
E02002673,Kingston upon Hull 022,195,7,32,577,92,1704,339,64,550,401,13,25.49
E02002674,Kingston upon Hull 023,183,3,30,371,92,1964,332,44,379,192,31,22.73
E02002675,Kingston upon Hull 024,121,2,25,239,36,714,179,56,300,622,27,18.73
E02002676,Kingston upon Hull 025,182,11,37,355,75,1580,295,74,472,534,26,11.88
E02002677,Kingston upon Hull 026,197,11,32,418,59,1899,293,42,397,473,45,14.32
E02002678,Kingston upon Hull 027,181,14,26,458,70,1593,337,66,451,384,20,16.4
E02002679,Kingston upon Hull 028,218,12,34,395,72,1901,318,41,296,221,27,14.55
E02002680,Kingston upon Hull 029,185,16,26,196,23,642,112,47,207,642,27,23.96
E02002681,Kingston upon Hull 030,169,16,41,267,51,897,193,57,322,531,36,16.52
E02002682,Kingston upon Hull 031,149,21,19,394,58,1382,320,82,359,502,22,21.39
E02002683,Kingston upon Hull 032,168,8,35,452,55,1701,288,47,321,207,28,29.43
E02002684,East Riding of Yorkshire 001,352,13,46,130,70,2030,327,69,99,287,36,24.18
E02002685,East Riding of Yorkshire 002,335,10,24,101,44,1679,274,50,147,371,23,23.33
E02002686,East Riding of Yorkshire 003,195,14,33,144,58,1093,286,63,176,517,19,21.83
E02002687,East Riding of Yorkshire 004,281,16,39,61,34,980,248,39,112,580,33,25.23
E02002688,East Riding of Yorkshire 005,315,10,45,79,29,880,190,51,75,634,35,29.37
E02002689,East Riding of Yorkshire 006,460,3,33,41,35,1508,190,22,59,225,21,27.21
E02002690,East Riding of Yorkshire 007,607,13,147,100,60,3176,395,37,359,762,51,29.7
E02002691,East Riding of Yorkshire 008,468,11,77,60,61,2114,226,24,154,321,23,30.84
E02002692,East Riding of Yorkshire 009,594,15,47,203,75,2801,241,19,111,435,34,22.03
E02002693,East Riding of Yorkshire 010,516,12,26,62,50,1819,168,43,82,183,44,35.24
E02002694,East Riding of Yorkshire 011,644,19,34,196,49,2962,339,35,253,593,42,25.54
E02002695,East Riding of Yorkshire 012,328,22,32,75,45,1887,250,18,144,525,49,31.57
E02002696,East Riding of Yorkshire 013,403,16,33,69,60,2027,167,13,155,253,29,21.41
E02002697,East Riding of Yorkshire 014,395,18,35,103,69,2461,229,32,97,162,41,35.45
E02002698,East Riding of Yorkshire 015,374,9,27,70,59,2049,211,20,129,370,23,26.67
E02002699,East Riding of Yorkshire 016,361,6,106,146,81,3040,292,49,310,438,52,35.96
E02002700,East Riding of Yorkshire 017,163,2,59,114,71,1152,199,32,398,410,28,26.04
E02002701,East Riding of Yorkshire 018,758,23,33,73,50,2661,201,35,123,208,31,42.47
E02002702,East Riding of Yorkshire 019,368,5,167,116,65,2377,256,38,355,724,28,29.49
E02002703,East Riding of Yorkshire 020,412,8,62,102,67,3168,262,17,157,338,36,17.24
E02002704,East Riding of Yorkshire 021,391,10,18,149,81,2457,221,23,100,198,35,26.15
E02002705,East Riding of Yorkshire 022,301,7,71,133,62,2075,242,22,146,249,46,31.86
E02002706,East Riding of Yorkshire 023,274,8,116,169,76,1975,267,46,226,235,30,31.73
E02002707,East Riding of Yorkshire 024,398,5,41,41,46,2454,177,17,100,293,51,32.26
E02002708,East Riding of Yorkshire 025,213,13,77,116,49,1491,169,37,158,179,34,32.19
E02002709,East Riding of Yorkshire 026,461,10,81,70,65,2305,269,20,184,284,40,21.16
E02002710,East Riding of Yorkshire 027,310,13,27,209,92,2390,272,42,199,208,40,29.34
E02002711,East Riding of Yorkshire 028,378,19,28,114,65,2627,232,38,120,131,51,31.26
E02002712,East Riding of Yorkshire 029,249,12,21,218,78,2369,287,28,157,283,59,20.58
E02002713,East Riding of Yorkshire 030,282,13,32,393,104,2519,381,41,396,279,46,16.64
E02002714,East Riding of Yorkshire 031,443,15,52,150,71,2322,241,23,94,272,46,35.24
E02002715,East Riding of Yorkshire 032,396,4,138,77,54,3195,292,24,222,422,35,27.17
E02002716,East Riding of Yorkshire 033,305,10,28,247,96,2502,264,16,140,177,49,20.02
E02002717,East Riding of Yorkshire 034,227,2,47,297,60,1921,295,39,231,393,29,21.15
E02002718,East Riding of Yorkshire 035,406,17,76,65,48,2686,204,18,74,138,41,26.08
E02002719,East Riding of Yorkshire 036,242,14,36,175,54,1927,193,35,130,170,21,16.54
E02002720,East Riding of Yorkshire 037,275,17,59,38,40,2106,209,15,285,217,33,23.64
E02002721,East Riding of Yorkshire 038,340,22,44,59,33,1724,199,18,174,189,23,27.66
E02002722,East Riding of Yorkshire 039,381,15,27,181,68,1642,276,47,110,539,48,39.24
E02002723,East Riding of Yorkshire 040,277,21,53,83,54,1907,270,40,427,534,29,35.92
E02002724,East Riding of Yorkshire 041,198,12,35,142,45,1530,301,50,570,441,25,31.42
E02002725,East Riding of Yorkshire 042,312,14,41,83,60,1876,243,23,121,228,32,28.56
E02002726,North East Lincolnshire 001,293,5,31,357,99,2602,424,71,268,415,54,26.65
E02002727,North East Lincolnshire 002,121,8,30,136,40,498,177,34,191,440,22,15.34
E02002728,North East Lincolnshire 003,188,17,22,208,50,1209,292,59,428,646,44,24.69
E02002729,North East Lincolnshire 004,179,10,28,272,61,1632,262,41,186,168,28,13.68
E02002730,North East Lincolnshire 005,188,0,28,323,60,1351,347,78,306,441,37,23.74
E02002731,North East Lincolnshire 006,124,8,28,160,52,869,250,46,272,478,29,13.43
E02002732,North East Lincolnshire 007,277,23,23,172,79,2324,222,39,118,132,43,26.22
E02002733,North East Lincolnshire 008,172,17,26,242,49,1311,268,36,248,419,26,15.95
E02002734,North East Lincolnshire 009,136,3,35,260,47,1268,238,58,227,208,15,30.21
E02002735,North East Lincolnshire 010,173,15,24,221,49,1210,230,33,188,305,36,19.94
E02002736,North East Lincolnshire 011,124,6,29,119,50,880,232,67,289,483,29,29.24
E02002737,North East Lincolnshire 012,194,15,20,192,68,1843,265,47,325,320,22,24.39
E02002738,North East Lincolnshire 013,229,19,28,348,106,2292,340,30,230,173,31,17.27
E02002739,North East Lincolnshire 014,163,9,17,206,59,1338,213,29,199,281,16,20.57
E02002740,North East Lincolnshire 015,125,18,20,239,45,1049,209,39,217,186,15,13.86
E02002741,North East Lincolnshire 016,253,10,22,175,68,2254,296,53,337,534,40,26.41
E02002742,North East Lincolnshire 017,202,13,28,169,59,1647,211,42,160,209,36,31.57
E02002743,North East Lincolnshire 018,125,1,24,203,61,1372,208,63,230,176,30,28.44
E02002744,North East Lincolnshire 019,131,9,32,344,51,844,231,38,241,169,14,18.58
E02002745,North East Lincolnshire 020,278,19,32,157,64,2311,259,39,123,158,34,32.01
E02002746,North East Lincolnshire 021,250,14,18,322,84,2228,259,34,224,179,35,21.41
E02002747,North East Lincolnshire 022,320,20,27,202,76,2530,269,23,143,106,41,14.22
E02002748,North East Lincolnshire 023,337,10,32,176,68,2655,270,34,117,149,35,34.51
E02002749,North Lincolnshire 001,338,19,36,91,56,2408,344,43,324,645,24,31.59
E02002750,North Lincolnshire 002,278,4,47,65,64,1825,210,37,114,195,25,30.52
E02002751,North Lincolnshire 003,235,4,17,97,77,1984,226,19,93,216,40,21.76
E02002752,North Lincolnshire 004,368,6,27,63,49,1997,204,33,99,188,27,30.98
E02002753,North Lincolnshire 005,325,16,24,116,80,2774,351,25,164,222,27,14.23
E02002754,North Lincolnshire 006,326,16,35,82,37,2177,264,28,94,215,42,22.84
E02002755,North Lincolnshire 007,183,8,15,100,48,1313,226,31,205,387,11,16.5
E02002756,North Lincolnshire 008,153,9,10,101,66,989,252,25,237,548,32,8.99
E02002757,North Lincolnshire 009,199,15,24,96,99,1647,236,43,203,408,16,26.41
E02002758,North Lincolnshire 010,158,18,11,80,88,1399,229,26,318,430,13,10.29
E02002759,North Lincolnshire 011,394,19,30,114,58,2573,255,20,157,461,25,17.15
E02002760,North Lincolnshire 012,181,12,15,121,69,1723,226,35,204,219,20,20.38
E02002761,North Lincolnshire 013,286,4,9,135,71,2204,204,46,97,145,33,34.5
E02002762,North Lincolnshire 014,142,12,21,115,75,1307,232,30,248,193,15,19.2
E02002763,North Lincolnshire 015,133,18,10,121,65,1271,248,29,275,286,12,22.3
E02002764,North Lincolnshire 016,132,19,8,180,87,1177,237,47,170,210,19,21.26
E02002765,North Lincolnshire 017,122,13,15,126,71,1466,267,36,225,249,20,17.89
E02002766,North Lincolnshire 018,208,11,31,145,92,2457,340,21,294,205,31,12.11
E02002767,North Lincolnshire 019,203,16,16,138,89,2434,272,33,186,135,9,32.64
E02002768,North Lincolnshire 020,432,17,28,64,58,2251,194,29,85,263,26,32.99
E02002769,North Lincolnshire 021,293,8,23,62,57,2071,178,28,73,138,15,23.29
E02002770,North Lincolnshire 022,353,13,27,26,67,1999,192,8,107,395,40,18.86
E02002771,North Lincolnshire 023,434,10,17,48,24,2242,177,29,59,168,16,36.11
E02002772,York 001,332,12,58,272,87,2215,226,15,182,208,30,24.92
E02002773,York 002,243,23,39,303,84,1802,207,13,231,192,18,15.49
E02002774,York 003,296,19,47,353,93,2128,217,33,239,156,20,13.61
E02002775,York 004,173,19,30,248,70,1333,192,38,342,220,14,28.66
E02002776,York 005,224,5,31,253,79,1577,219,51,535,244,22,28.17
E02002777,York 006,310,19,63,238,117,2421,289,25,567,367,19,13.35
E02002778,York 007,347,20,88,207,61,1742,183,33,452,644,23,19.57
E02002779,York 008,434,19,59,233,90,2143,252,31,766,472,22,21.36
E02002780,York 009,200,9,65,180,82,1146,191,63,591,1068,14,28.69
E02002781,York 010,260,21,59,245,76,1261,177,42,508,1151,21,22.44
E02002782,York 011,335,10,88,184,49,1697,154,29,168,154,29,36.49
E02002783,York 012,307,3,43,379,184,2237,312,65,680,393,22,29.92
E02002784,York 013,358,15,172,189,42,1113,134,39,354,1774,49,26.41
E02002785,York 014,226,11,39,212,93,1570,227,28,420,230,19,19.93
E02002786,York 015,208,17,39,260,69,1460,240,56,618,767,29,17.28
E02002787,York 016,283,1,54,350,122,1812,312,46,639,688,25,21.46
E02002788,York 017,315,20,164,211,69,1704,232,56,647,1091,27,26.1
E02002789,York 018,217,11,47,480,125,1681,272,41,541,349,23,24.05
E02002790,York 019,358,25,118,208,51,1654,188,54,628,1435,36,31.39
E02002791,York 020,373,19,31,208,54,2002,179,25,108,167,31,23.79
E02002792,York 021,239,9,74,185,54,1544,149,54,477,648,19,32.6
E02002793,York 022,322,15,55,548,111,2480,322,38,527,279,33,16.35
E02002794,York 023,291,26,55,239,62,1283,186,29,305,469,11,38.87
E02002795,York 024,429,18,58,365,74,2648,209,25,241,164,10,24.99
E02005742,Craven 001,691,9,33,41,32,1989,233,23,45,498,48,31.71
E02005743,Craven 002,601,13,37,19,33,1248,88,9,39,321,33,26.36
E02005744,Craven 003,646,7,84,41,40,1717,186,26,78,580,27,27.82
E02005745,Craven 004,422,9,81,48,21,1509,139,18,29,287,9,26.85
E02005746,Craven 005,250,17,115,62,50,1672,253,56,53,770,29,23.12
E02005747,Craven 006,242,8,105,106,48,1422,245,56,72,742,19,12.91
E02005748,Craven 007,524,3,156,85,41,2150,243,15,42,217,40,27.96
E02005749,Craven 008,490,17,168,272,54,2882,298,39,79,520,37,27.2
E02005750,Hambleton 001,465,21,23,71,33,2220,214,24,82,333,50,32.4
E02005751,Hambleton 002,678,18,44,48,46,2952,209,34,56,227,61,32.5
E02005752,Hambleton 003,751,9,43,69,36,2128,191,18,73,152,44,24.12
E02005753,Hambleton 004,467,19,87,148,42,2796,384,57,314,1514,34,14.03
E02005754,Hambleton 005,545,17,45,70,59,2343,219,31,145,405,27,26.72
E02005755,Hambleton 006,471,20,19,83,38,1858,160,31,69,329,21,39.15
E02005756,Hambleton 007,639,17,39,41,46,1954,194,33,313,533,27,31.31
E02005757,Hambleton 008,616,20,74,60,43,2315,273,25,103,485,29,20.84
E02005758,Hambleton 009,605,11,35,72,45,2141,260,32,208,578,39,34.82
E02005759,Hambleton 010,614,3,30,127,65,2344,216,35,97,399,35,37.75
E02005760,Hambleton 011,547,14,29,127,35,1927,184,36,175,319,19,36.79
E02005761,Harrogate 001,675,11,17,34,45,1564,129,8,51,275,25,20.76
E02005762,Harrogate 002,215,9,33,75,54,1438,140,23,162,661,17,26.56
E02005763,Harrogate 003,536,4,24,70,42,1815,161,25,151,332,46,27.82
E02005764,Harrogate 004,387,9,18,227,67,2796,415,49,196,892,40,32.4
E02005765,Harrogate 005,541,9,28,40,45,1998,159,24,79,336,19,31.45
E02005766,Harrogate 006,678,14,34,43,22,1770,176,18,35,273,34,20.2
E02005767,Harrogate 007,447,16,78,103,41,2069,175,32,52,166,35,37.44
E02005768,Harrogate 008,375,11,52,148,40,2059,204,34,98,1297,40,18.11
E02005769,Harrogate 009,350,18,75,241,38,1711,250,23,71,504,37,17.63
E02005770,Harrogate 010,397,13,72,375,61,2958,432,76,167,508,17,31.39
E02005771,Harrogate 011,308,13,49,334,57,2544,360,61,83,445,29,27.08
E02005772,Harrogate 012,381,17,54,131,36,2146,187,15,56,239,20,27.95
E02005773,Harrogate 013,326,19,77,239,41,1877,277,70,120,851,18,25.62
E02005774,Harrogate 014,348,12,95,354,70,2388,307,45,177,586,29,18.86
E02005775,Harrogate 015,529,10,119,196,48,2034,196,22,83,1126,65,17.26
E02005776,Harrogate 016,740,12,58,62,33,2547,204,32,77,190,41,38.6
E02005777,Harrogate 017,405,18,112,166,45,2627,304,34,115,403,19,16.37
E02005778,Harrogate 018,680,14,42,47,40,1912,138,40,35,262,30,36.27
E02005779,Harrogate 019,419,19,122,162,23,1896,190,33,69,598,33,21.67
E02005780,Harrogate 020,562,16,97,108,47,2812,252,42,83,521,33,36.06
E02005781,Harrogate 021,445,15,97,63,28,1798,128,28,21,118,18,32.21
E02005782,Richmondshire 001,705,6,38,77,16,2484,220,34,18,190,40,38.01
E02005783,Richmondshire 002,399,20,33,179,41,2325,326,47,39,646,31,24.86
E02005784,Richmondshire 003,352,8,12,60,62,1781,184,13,102,482,31,22.4
E02005785,Richmondshire 004,472,9,106,293,78,2695,429,61,380,2318,354,15.59
E02005786,Richmondshire 005,968,16,25,34,25,1415,165,21,33,379,33,35.89
E02005787,Richmondshire 006,770,2,16,55,28,1943,188,22,43,440,30,27.86
E02005788,Ryedale 001,752,13,33,50,38,1631,200,19,79,350,39,23.93
E02005789,Ryedale 002,764,12,42,112,48,2465,280,38,173,725,46,33.07
E02005790,Ryedale 003,777,13,24,45,26,1621,161,16,59,447,62,22.22
E02005791,Ryedale 004,596,7,29,80,76,1775,195,29,89,273,38,36.71
E02005792,Ryedale 005,278,12,49,80,49,1221,162,16,173,452,34,16.4
E02005793,Ryedale 006,304,0,57,135,46,1688,260,26,445,667,10,17.93
E02005794,Ryedale 007,914,18,42,98,45,2919,257,31,67,293,37,37.75
E02005795,Scarborough 001,412,13,35,126,40,1148,250,39,58,962,47,30.92
E02005796,Scarborough 002,842,4,30,88,37,1823,193,21,39,412,53,31.34
E02005797,Scarborough 003,241,13,54,159,38,1190,254,39,64,807,53,37.11
E02005798,Scarborough 004,751,20,34,127,43,2177,221,32,55,296,64,36.8
E02005799,Scarborough 005,329,21,31,243,66,2443,405,53,146,413,20,14.28
E02005800,Scarborough 006,436,14,37,149,53,1118,258,40,66,975,46,17.85
E02005801,Scarborough 007,185,8,15,156,60,904,211,52,88,443,28,22.39
E02005802,Scarborough 008,278,21,51,186,47,1381,335,65,130,1353,30,32.24
E02005803,Scarborough 009,329,12,34,187,83,1718,344,42,147,827,20,24.59
E02005804,Scarborough 010,346,8,38,162,41,1094,200,52,80,1030,28,27.1
E02005805,Scarborough 011,279,14,25,280,75,1915,300,47,121,285,33,28
E02005806,Scarborough 012,215,21,41,297,65,1354,272,49,100,404,33,16.81
E02005807,Scarborough 013,390,6,28,132,68,1843,216,36,71,180,25,30.38
E02005808,Scarborough 014,564,16,80,116,49,2343,323,25,113,674,56,17.56
E02005809,Selby 001,312,9,30,211,44,2217,282,30,149,558,20,19.23
E02005810,Selby 002,692,24,116,128,69,2805,200,33,59,154,18,37.82
E02005811,Selby 003,567,14,61,292,82,2919,284,25,127,235,20,31.97
E02005812,Selby 004,397,10,151,130,55,2623,284,33,94,374,21,27.52
E02005813,Selby 005,232,10,101,230,47,1825,301,40,367,756,20,24.24
E02005814,Selby 006,245,12,89,144,42,1750,213,26,258,336,25,25.54
E02005815,Selby 007,378,7,125,188,89,2633,274,15,208,265,38,25.99
E02005816,Selby 008,492,11,61,157,67,2619,249,35,101,220,41,40.46
E02005817,Selby 009,377,13,79,118,58,2406,205,20,61,150,18,28.69
E02005818,Selby 010,493,12,45,91,71,2402,185,35,102,188,34,32.64
